,retweets,likes,text,,,,,,,,,,,,,,"sentiment(1-Positive, 2-Neutral, 3-Negative)"
0,0,0,"QOTD: Even as a melody is not composed of tones, nor a verse of words, nor a statue of lines--one must pull and tear to turn a unity int ...",,,,,,,,,,,,,,2
1,0,0,@Unity_c7 @TroyBeast The east coast isn't that great just Obama and The Statue of liberty. I'd rather live in the west coast or Texas! :),,,,,,,,,,,,,,2
2,0,0,@Capcom_Unity what's that other new stage with the Statue of Liberty in the background? #mvc3,,,,,,,,,,,,,,2
3,0,0,"@Unity_c7 brother aside from being cursed, having a statue of Satans Horse and the main terminal looking like a big tippee? What else haha?",,,,,,,,,,,,,,3
4,0,0,@TheOprahShow Will you help US preserve Michael Jackson's message of love and unity by placing a statue of him in Washington D.C.?,,,,,,,,,,,,,,1
5,0,0,Bhutia wrote a letter to CM on decaying state of the Statue of Unity http://f.ast.ly/hDVXN,,,,,,,,,,,,,,3
6,0,0,Statue of Unity in Gangtok Bazaar http://is.gd/cBm2U,,,,,,,,,,,,,,2
7,0,0,Letter to CM for preserving & upkeeping the Statue of Unity located in the heart of Gangtok http://is.gd/cBlL3,,,,,,,,,,,,,,1
8,0,0,"@georgelopez""To these immigrants the Statue of Liberty represented freedom, opportunity, enlightenment, independence and unity"" xept latino",,,,,,,,,,,,,,1
9,0,0,"@StephV9 HEY STEPH check out UNITY's promo video tell me your thoughts! 
http://bit.ly/bBc7BV the w/c was the gut at the Statue of Lib. ciao",,,,,,,,,,,,,,2
10,0,0,"Today I found ""The Statue of Unity""cache - http://www.geocaching.com/seek/cache_details.aspx?guid=32f86788-3f70-4786-a111-479317778636",,,,,,,,,,,,,,2
11,0,0,@mstgrey79 Yes the statue of the woman beside her husband is symbolic of unity and makes me believe that she sticks by him always.#art103,,,,,,,,,,,,,,1
12,0,0,Women don't think the same as men. Women think more abstract. The Statue of Liberty is a symbol of UNITY. LIBERTY FOR ALL.,,,,,,,,,,,,,,1
13,0,0,OMAIGAWD! Titan Maximum is raping the statue of unity!!!,,,,,,,,,,,,,,3
14,0,0,Omg!! Titan maximum is raping the statue of unity!!!,,,,,,,,,,,,,,3
15,0,0,@Capcom_Unity Is that a statue of Mayor Mike in back?? http://bit.ly/76GuEB,,,,,,,,,,,,,,3
16,0,0,"unity a journey of hope is coming to NYC STATUE of LIBERTY this Friday, come share in a veterans wish to see what the STATUE means to him",,,,,,,,,,,,,,2
17,0,0,Oh my god! Titan Maximum is raping the Statue of Unity! #TitanMaximum #adultswim,,,,,,,,,,,,,,3
18,0,0,"""OMG! TITAN MAXIMUM IS RAPING THE STATUE OF UNITY!""",,,,,,,,,,,,,,3
19,0,0,"The statue of unity , peace & reconciliation on entering Derry
 http://yfrog.com/7gkt3wj",,,,,,,,,,,,,,2
20,0,0,"@narendramodi Ji when you build statue of Unity, pls build huge statue of Nethaji in Imphal to remember INA and Nethaji.",,,,,,,,,,,,,,1
21,0,0,A new picture of proposed Statue of Unity http://zite.to/1a516l8 ,,,,,,,,,,,,,,2
22,0,0,A new picture of proposed Statue of Unity: http://DeshGujarat.Com/2013/10/22/a-new-picture-of-proposed-statue-of-unity/ …,,,,,,,,,,,,,,2
23,0,0,Statue of Unity  The iron man. . Gujarat ki Shaan...@. http://fb.me/2NVbCc0vA ,,,,,,,,,,,,,,1
26,0,0,"A new picture of proposed Statue of Unity, the biggest statue in the world, featuring Vallabhai  Patel
 http://zite.to/1a516l8 ",,,,,,,,,,,,,,1
27,0,0,"RT""@DeshGujarat: A new picture of proposed Statue of Unity http://deshgujarat.com/2013/10/22/a-new-picture-of-proposed-statue-of-unity/ …""",,,,,,,,,,,,,,2
28,8,1,Statue of Unity #SardarPatel October 31st pic.twitter.com/VzhSDH6skV,,,,,,,,,,,,,,2
29,12,2,A new picture of proposed Statue of Unity http://deshgujarat.com/2013/10/22/a-new-picture-of-proposed-statue-of-unity/ …,,,,,,,,,,,,,,2
30,0,0,"@Mosiqi RT @DeshGujarat: #NaMo holds a spl meeting with ministers, shows presentation on 31st Oct ground breaking event of Statue of Unity",,,,,,,,,,,,,,1
31,14,4,"Gujarat Chief Minister holds a special meeting with ministers, shows presentation on 31st October ground breaking event of Statue of Unity",,,,,,,,,,,,,,1
32,0,0,A short film on Statue Of Unity - English http://www.youtube.com/watch?v=qgcGf0YGvSQ … Jitega Gujarat... http://fb.me/106BG1ROG ,,,,,,,,,,,,,,1
33,1,0,"A short film on Statue Of Unity - Hindi http://www.youtube.com/watch?v=hiF7R5b2Kxs …
Jitega Gujarat #StatueOfUnity... http://fb.me/2t7cS6Brr ",,,,,,,,,,,,,,1
34,0,0,@rainaamit First Adwani and now Vijay goel.The message from BJP is clear.Don't expect statue of unity from us.,,,,,,,,,,,,,,3
35,0,1,A short film on Statue Of Unity - English http://www.youtube.com/watch?v=qgcGf0YGvSQ … Jitega Gujarat... http://fb.me/1Oop1XIRL ,,,,,,,,,,,,,,1
36,0,0,"A short film on Statue Of Unity - Hindi http://www.youtube.com/watch?v=hiF7R5b2Kxs …
Jitega Gujarat #StatueOfUnity... http://fb.me/1Db37kpmK ",,,,,,,,,,,,,,1
37,0,0,"Iron to be collected from every village for Statue of Unity: Dhankar

 http://ow.ly/q3kcO ",,,,,,,,,,,,,,2
38,0,0,"Iron to be collected from every village for Statue of Unity: Dhankar

 http://ow.ly/q3k8X ",,,,,,,,,,,,,,2
39,0,0,@PathanAsmakhan madam .. statue of unity website is not getting updated,,,,,,,,,,,,,,3
40,0,0,"joined the movement Statue Of Unity, the tallest statue in the world. Join me  @swamy39 @ sardesairajdeep http://tinyurl.com/ktykr9q ",,,,,,,,,,,,,,1
41,0,0,"@PathanAsmakhan  Dear Madam ... the statue of Unity project website is not updated properly ,can you please help to reach dis 2 govt office?",,,,,,,,,,,,,,3
42,0,0,"@PathanAsmakhan @DeshGujarat Statue of Unity website is not updated , please update. @ModiFyingIndia @narendramodi @BJP_Gujarat",,,,,,,,,,,,,,3
43,0,0,India is coming together to build the world's tallest statue - Statue Of Unity. Become a part of the movement  http://tinyurl.com/kc5gu5x ,,,,,,,,,,,,,,1
44,0,0,India is coming together to build the world's tallest statue - Statue Of Unity. Become a part of the movement  http://tinyurl.com/lesmrbt ,,,,,,,,,,,,,,1
45,0,0,9. Crores of Rs are spent after  projects like Statue of Unity  & Mahatma Mandir but the villages are still living  in 18th century.,,,,,,,,,,,,,,3
46,0,0,DR K. LAXMAN GARU has been appointed as Central Committee member for 'Statue of Unity'  Project by Gujarat Govt. http://fb.me/2rdxa5Wm1 ,,,,,,,,,,,,,,2
47,0,0,"I have joined the movement to Unite India and build Statue Of Unity, the tallest statue in the world. Join me  http://tinyurl.com/n5c7adu ",,,,,,,,,,,,,,1
48,0,0,"I have joined the movement to Unite India and build Statue Of Unity, the tallest statue in the world. Join me  http://tinyurl.com/kkzmwaa ",,,,,,,,,,,,,,1
49,0,0,let make india pride #statue_of_unity,,,,,,,,,,,,,,1
50,0,0,"I have joined the movement to Unite India and build Statue Of Unity, the tallest statue in the world. Join me  http://tinyurl.com/laswujo ",,,,,,,,,,,,,,1
51,0,0,"I have joined the movement to Unite India and build Statue Of Unity, the tallest statue in the world. Join me  http://tinyurl.com/p43y97j ",,,,,,,,,,,,,,1
52,0,0,"Join the National Movement of building the grand Statue of Unity as a tribute to Sardar Patel, the Iron Man of India http://nm4.in/18EGXQz ",,,,,,,,,,,,,,1
53,0,0,"@tapan_dalai no he will make like statue of unity, he will clean river like sabarmati, he will built a 700 km long water pipe for army",,,,,,,,,,,,,,1
54,3,2,"Statue of Unity to be built in  Memory of Sardar Patel will come up .. No stories in XYZ papers can stop it ..""",,,,,,,,,,,,,,1
55,0,0,"Statue of Unity: Govt initiates talks with tribals,http://goo.gl/h9xYNT  #Gujarat""",,,,,,,,,,,,,,2
56,1,0,"Statue of Unity: 36 new offices across India for collecting iron,http://goo.gl/ddOHwV  #Gujarat",,,,,,,,,,,,,,2
57,1,1,"Statue of Unity: 36 new offices across India for collecting iron http://timesofindia.indiatimes.com/city/ahmedabad/Statue-of-Unity-36-new-offices-across-India-for-collecting-iron/articleshow/24306198.cms … Jai Jai Garvi Gujarat, Jai @NarendraModi Ji Ki",,,,,,,,,,,,,,2
58,0,0,Statue of Unity: 36 new offices across India for collecting iron http://timesofindia.indiatimes.com/city/ahmedabad/Statue-of-Unity-36-new-offices-across-India-for-collecting-iron/articleshow/24306198.cms?utm_source=twitter.com&utm_medium=referral&utm_campaign=TOIAhemdabad …,,,,,,,,,,,,,,2
59,10,2,Statue of Unity: 36 new offices across India for collecting iron http://timesofindia.indiatimes.com/city/ahmedabad/Statue-of-Unity-36-new-offices-across-India-for-collecting-iron/articleshow/24306198.cms?utm_source=twitter.com&utm_medium=referral&utm_campaign=TOIAhemdabad … #NaMo4PM,,,,,,,,,,,,,,2
180,0,0,"Did you check this ? Information about ""Statue of Unity"" ?

 http://ow.ly/4suZG",,,,,,,,,,,,,,2
181,0,0,"""Oh my god! Titian Maximum just raped the Statue of Unity!"" Heh. #titanmaximum",,,,,,,,,,,,,,3
182,0,0,OMG Titan Maximum is raping the Statue of Unity!!! (watching Titan Maximum S01E02 via @gomiso) http://miso.io/c4muPS,,,,,,,,,,,,,,3
183,0,0,Namo League | The Statue of Unity statue of Sardar Vallabhbhai Patel http://bit.ly/e9bHhK,,,,,,,,,,,,,,1
184,1,0,Statue' of Unity in honour of Sardar Vallabhbhai Patel: massive memorial for the father of the na... http://bit.ly/eI5wKs,,,,,,,,,,,,,,1
185,0,0,Statue' of Unity in honour of Sardar Vallabhbhai Patel: massive memorial for the father of the na... http://bit.ly/eI5wKs Gujarat Times,,,,,,,,,,,,,,1
186,0,0,POLITICS NEWS Gujarat to build 'Statue of Unity' in memory of sardar Patel: Narendra Modi http://ow.ly/1bsDrf,,,,,,,,,,,,,,1
187,0,0,STAR OF THE NATION Gujarat to build 'Statue of Unity' in memory of sardar Patel: Narendra Modi http://ow.ly/1bsDsq,,,,,,,,,,,,,,1
188,0,0,Official Blog site of Narendra Modi | Chief Minister Government of Gujarat | Statue of Unity http://www.narendramodi.com/post/Statue-of-Unity.aspx … via @AddThis,,,,,,,,,,,,,,2
189,0,0,Trust Mr.Modi to come up with something like this! The Statue of Unity statue of Sardar Vallabhbhai Patel http://www.youtube.com/watch?v=rUsnJ2yISEA …,,,,,,,,,,,,,,1
190,0,0,A unity oak on the quad? Seriously people? I would rather have a statue of Obama in the middle of the quad. Well almost,,,,,,,,,,,,,,3
191,0,0,Worlds largest statue even bigger then statue of liberty.Statue of Unity - English http://shar.es/3hlw6  Proud to be from his city.,,,,,,,,,,,,,,1
192,0,0,Check this video out -- Sardar patel's Statue of Unity http://www.youtube.com/watch?v=78_Ua782n7g … via @youtube,,,,,,,,,,,,,,1
193,0,0,RT @gujarattimes: Gujarat to build 'Statue of Unity' in memory of sardar Patel: Narendra Modi: He was addressing,,,,,,,,,,,,,,1
194,2,0,Gujarat to build 'Statue of Unity' in memory of sardar Patel: Narendra Modi: He was addressing the... http://bit.ly/dU5aeq Gujarat Times,,,,,,,,,,,,,,1
195,1,0,Gujarat to build 'Statue of Unity' in memory of sardar Patel: Narendra Modi: He was addressing the... http://bit.ly/gKIBrd Gujarat Times,,,,,,,,,,,,,,1
196,0,0,Gujarat to build 'Statue of Unity' in memory of sardar Patel: Narendra Modi http://dlvr.it/FrZKs,,,,,,,,,,,,,,1
197,0,0,Check this video out -- STATUE OF UNITY: LARGEST STATUE IN THE WORLD (SARDAR PATEL) http://www.youtube.com/watch?v=BWJgX1ny7jE … via @youtube,,,,,,,,,,,,,,1
198,0,0,I uploaded a YouTube video -- Statue of Unity - The Tallest statue in the World by India http://youtu.be/srQrtYXgmjQ?a,,,,,,,,,,,,,,1
199,0,0,"Statue of Unity - English: by Gaurav1010 (Posted January 18th, 2011, 12:28 am) http://goo.gl/fb/43Dgl #funfunky",,,,,,,,,,,,,,2
200,0,0,Check this video out -- Statue of Unity - English http://www.youtube.com/watch?v=34jfaefFYnM … via @youtube,,,,,,,,,,,,,,2
201,0,0,Check this video out -- Statue of Unity. sardar vallabhbhai patel http://www.youtube.com/watch?v=quExHpiop3k … via @youtube,,,,,,,,,,,,,,2
203,0,0,"World's TALLEST statue being made in India - STATUE OF UNITY!!!: 
Dear Friends,
Glad News!!! - We are going to b... http://bit.ly/hTEdeZ",,,,,,,,,,,,,,1
204,0,0,World's TALLEST statue being made in India - STATUE OF UNITY!!! http://ping.fm/mlnHM,,,,,,,,,,,,,,1
206,0,0,"The World's Tallest Statue | Statue of Unity (182 M Tall Statue) in Gujarat, India: 182 M Tall Statue of Sardar ... http://bit.ly/gQSwTv",,,,,,,,,,,,,,1
207,1,0,Check this video out -- The Statue of Unity statue of Sardar Vallabhbhai Patel - English Version http://www.youtube.com/watch?v=rUsnJ2yISEA … via @youtube,,,,,,,,,,,,,,1
208,0,0,Check this video out -- Statue of Unity - Hindi http://www.youtube.com/watch?v=nSMfJ4NrpAM … via @youtube,,,,,,,,,,,,,,2
210,0,0,Statue of Unity for India's Iron Man http://www.youtube.com/watch?v=34jfaefFYnM …,,,,,,,,,,,,,,2
211,0,0,Statue of Unity for India's Iron Man http://www.haindavakeralam.com/HKPage.aspx?PageID=12640&SKIN=B … via @AddThis,,,,,,,,,,,,,,2
212,1,0,Statue of Unity for India's Iron Man:  http://bit.ly/aDlOCK,,,,,,,,,,,,,,2
213,0,0,@RishiDesai1 Have you seen the plan of the Statue of Unity? http://myloc.me/epgxX,,,,,,,,,,,,,,2
214,0,0,"Oh my god, Titan Maximum is raping the statue of unity (watching Titan Maximum via @gomiso) http://miso.io/c4muPS",,,,,,,,,,,,,,3
215,0,0,Check this video out -- statue of unity http://www.youtube.com/watch?v=oED-NEQOUXQ&feature=share … via @youtube,,,,,,,,,,,,,,2
216,0,0,Check this video out -- Statue of #Unity - #Gujarati http://www.youtube.com/watch?v=GK5Xcujo4_o&feature=share … via @youtube,,,,,,,,,,,,,,2
217,0,0,I liked a YouTube video -- Statue of Unity - Gujarati http://youtu.be/GK5Xcujo4_o?a,,,,,,,,,,,,,,1
218,0,0,Statue of unity...great effort by Gujurat govt to honour the Iron of man of India #CLLtd,,,,,,,,,,,,,,1
219,0,0,proud of @narendramodi -- Statue of Unity - English http://www.youtube.com/watch?v=34jfaefFYnM&feature=share … via @youtube,,,,,,,,,,,,,,1
340,0,0,@narendramodi Sir we are exited to know anout Sardar Patel's Statue of Unity. What about the progress?,,,,,,,,,,,,,,2
341,1,0,As a child grew up with a small statue of #Nasser in parents bedroom.A dream of pan-Arab unity.Now we cant even get pan-Cairo unity #Egypt,,,,,,,,,,,,,,2
342,0,0,"World's largest statue 'Statue of Unity' to be built on Narmada, India. In the name of Sardar Vallabhbhai Patel.",,,,,,,,,,,,,,1
343,0,0,Statue of Unity (sardar patel statue): sardar patel statue in gujarat administered by nar... http://bit.ly/MypH4H ,,,,,,,,,,,,,,2
344,1,0,Statue of Unity to be build on Narmada will be connected with Vadodra  through metro rail & 6 lane highway..... pic.twitter.com/e78EuCaN,,,,,,,,,,,,,,1
345,0,0,Statue of Unity to be build on Narmada will be connected with Vadodra  through metro rail & 6 lane highway.....,,,,,,,,,,,,,,1
346,0,0,"Gujarat's Statue of Unity to cost a whopping Rs2,500 crore http://mtrm.nl/1hQhsY ",,,,,,,,,,,,,,3
347,0,0,@narendramodi Should we copy America? Statue of Unity sounds like Statue of Liberty; like Bollywood for Hollywood.,,,,,,,,,,,,,,3
348,0,0,Statue of Unity to be built on the Narmada near the Sardar Sarovar Project http://www.ibtl.in/photogallery/photo/58/statue-of-unity-to-be-built-on-the-narmada-near-the-sardar-sarovar-project … via @indiabtl,,,,,,,,,,,,,,2
349,0,0,"Gujarat Times Gujarat's Statue of Unity to cost a whopping Rs2,500 crore - Daily News & Analysis: ... http://bit.ly/KOjN09  Gujarat Times",,,,,,,,,,,,,,3
350,0,0,"Gujarat's Statue of Unity to cost a whopping Rs2,500 crore - Daily News & Analysis: Gujarat's Stat... http://bit.ly/KOjN09  Gujarat Times",,,,,,,,,,,,,,3
351,0,0,"Gujarat's Statue of Unity to cost a whopping Rs2,500 crore: The proposed statue of Sardar Patel would be 182 metres tall. Six k...  #News",,,,,,,,,,,,,,3
353,0,0,"Gujarat's Statue of Unity to cost a whopping Rs2,500 crore: The proposed statue of Sardar Patel would be ... http://bit.ly/MR8upe  #india",,,,,,,,,,,,,,3
354,0,0,Rod Liddell would be proud http://bit.ly/Klf7sU  > viscerally unpleasant snobbery over a statue of Mary Seacole,,,,,,,,,,,,,,2
355,1,0,"Metro Rail, 6-lane highway to connect Vadodara with Statue of Unity http://nm4.in/KA2Ebg  via @narendramodi",,,,,,,,,,,,,,1
356,0,0,WORLD'S TALLEST STATUE IN INDIA : STATUE OF UNITY : The Creation Of A 182 m Tall Statue Of Sardar Vallabhbhai... http://fb.me/1oCGGquvw ,,,,,,,,,,,,,,2
357,0,0,‘Statue of Unity’ to be built on Narmada will be c... - Album Photo | Jayshree Patel: http://www.apsense.com/viewphoto/103568-527324#.T9GtrYCo2Dk.twitter …,,,,,,,,,,,,,,2
358,0,0,tat's y everything is peaceful in gujrat now?RT@Joydas: Narendra Modi is building a Statue of Unity -cos he knows he can never build Unity,,,,,,,,,,,,,,3
359,2,0,Worlds tallest Sardar patel statue of unity plan gets bigger thanks to Modi ji- Indian Express  http://m.indianexpress.com/news/%22sardar-statue-plan-gets-bigger%22/959407/ … via @IndianExpress,,,,,,,,,,,,,,1
360,0,0,"India's Pride..
World's Largest Statue In India... Statue Of Unity.

Statue of Unity, a 182-metre high statue... http://fb.me/FZk2TzUb ",,,,,,,,,,,,,,1
361,0,0,"Statue of Unity...
World's tallest statue....
Build under the governance of singham Modi...

, 6-lane... http://fb.me/214ZI7aEa ",,,,,,,,,,,,,,1
362,5,1,"Metro Rail, 6-lane highway to connect Vadodara with Statue of Unity; To develop Narmada banks from SSP dam to... http://fb.me/1Q6G8hFSO ",,,,,,,,,,,,,,1
363,0,0,Statue of Unity’ to be built on Narmada will be connected with Vadodara through metro rail & 6-lane highway http://nm4.in/KA2Ebg ,,,,,,,,,,,,,,1
364,0,0,"Statue of Unity’ to be built on Narmada will be connected with Vadodara through metro rail & 6-lane highway 
http://goo.gl/JEdRB/KA2Ebg ",,,,,,,,,,,,,,1
365,0,0,RT @Joydas Narendra Modi is building a Statue of Unity - because he knows he can never build Unity,,,,,,,,,,,,,,3
366,0,0,"Metro Rail, 6-lane highway to connect Vadodara with Statue of Unity:Modi: 

Gandhinagar, 7... http://bit.ly/MdH32Z  :o) #alpeshkarodiwal",,,,,,,,,,,,,,1
367,0,0,"""@Joydas: Narendra Modi is building a Statue of Unity - because he knows he can never build Unity""",,,,,,,,,,,,,,3
368,0,0,@narendramodi Statue of Unity must first unite the entire people of India!,,,,,,,,,,,,,,1
369,0,0,A true fan of Mayawati! RT @Joydas: Narendra Modi is building a Statue of Unity - because he knows he can never build Unity,,,,,,,,,,,,,,3
370,1,0,RT:‘Statue of Unity’ to be built on Narmada will be connected with Vadodara through metro rail & 6-lane highway http://nm4.in/KA2Ebg ,,,,,,,,,,,,,,1
371,0,0,Pardon non-sense..Smtimes. “@Joydas: Narendra Modi is building a Statue of Unity - because he knows he can never build Unity”,,,,,,,,,,,,,,3
372,4,0,Narendra Modi is building a Statue of Unity - because he knows he can never build Unity,,,,,,,,,,,,,,3
373,0,0,RT @narendramodi: Statue of Unity to be built on Narmada will be connected with Vadodara through metro & 6-lane highway http://nm4.in/KA2Ebg ,,,,,,,,,,,,,,1
374,0,0,@narendramodi Statue of Unity is the best thing that will happen to India in terms of Modern Architecture ! All thanks to u,,,,,,,,,,,,,,1
375,2,0,RT @narendramodi: ‘Statue of Unity’ 2b built on Narmada will b connected with Vadodara thru metro rail & 6-lane highway http://nm4.in/KA2Ebg ,,,,,,,,,,,,,,1
376,1,0,"Metro Rail, 6-lane highway to connect Vadodara with Statue of Unity:Modi: Gandhinagar, 7 June 2012 Sardar Vallab... http://bit.ly/LeXY7B ",,,,,,,,,,,,,,1
377,0,0,Jai ho... ‘Statue of Unity’ to be built on Narmada will be connected with Vadodara through metro rail & 6-lane highway http://nm4.in/KA2Ebg ,,,,,,,,,,,,,,1
378,0,0,‘Statue of Unity’  to be built on narmada...!!! http://fb.me/13dQbFylT ,,,,,,,,,,,,,,2
379,0,0,RT @narendramodi ‘Statue of Unity’ to be built on Narmada will be connected with Vadodara through metro rail & 6-lane highway,,,,,,,,,,,,,,1
500,0,0,"Why we Indians are special...
Modi builds Statue of Unity, 
Indians: We are poor country, you can build schools with that money..

Lewis Hamilton says School can be made with the money of F1 tracks 
Indians: who the... https://www.facebook.com/1187735524/posts/10215405004176794/ …",,,,,,,,,,,,,,3
501,1,2,"Today my #libtard friends said Statue of Unity is built out of tax payers money... tax payers are again buying tickets to see that... BJP and Modi are looting us. Ok...by that logic,we should not pay for toll, trains,electricity, water, Gas, and etc as tax money is being used 1/2",,,,,,,,,,,,,,1
502,0,0,That's the Harsh truth said by Lewis Hamilton! We would have literally built thousands of home at price of Indian GP. Statue of Unity is also one of the best example of spending useless Money. We have strong economy with poor human development index. Accept the truth.,,,,,,,,,,,,,,1
503,0,0,"At last the truth is ours
The statue of unity is ours
India is ours
Not of for by #Ghandy
#sardar #patel is now known to my son & daughter
Who knew #India was created by Nehru - the most undeserving PM of India who wanted his stature not India",,,,,,,,,,,,,,1
504,0,1,"Also, the person who went after Mercedes is also a guy who supports the statue of unity!",,,,,,,,,,,,,,1
505,0,4,"Dear @prakadhraaj, the statue of unity was planned during 2012-13. should our leader have dreamt of Kerala floods back in 2012-13? What an as*hole intellectual you are? #JustAsking",,,,,,,,,,,,,,3
506,0,2,"Although Sardar Patel deserves a lot of respect, the statue of unity will always be a waste of money in my opinion.
3000 crores bc. We could've had funded a 5-star medical college with that sort of money.",,,,,,,,,,,,,,3
507,0,0,Just Pinned to Architecture: [Ask] Is the Statue of Unity really that impressive and was it worth spending $430 million to build it? https://ift.tt/2DFKyp3 pic.twitter.com/O9z22V0cCr,,,,,,,,,,,,,,3
508,0,0,I liked a @YouTube video http://youtu.be/6sbPGzrXbts?a  Statue of Unity: The Harsh Reality | Analysis by Dhruv Rathee,,,,,,,,,,,,,,3
510,18,35,"At 597 feet, India’s Statue of Unity is now the tallest statue in the world and clearly seen from space! Oblique SkySat image captured today, November 15, 2018. pic.twitter.com/FkpVoHJKjw",,,,,,,,,,,,,,1
511,0,0,"Amazing civil engineering...
A milestone for civil engineers
Statue of unity....",,,,,,,,,,,,,,1
512,1,1,"Some libtards are saying “Statue of Unity is built out of tax payers money (3000 crores) tax payers are again buying tickets to go and see that ,Modi is looting us”. Initially I laughed at their peanut sized economics knowledge",,,,,,,,,,,,,,1
513,0,0,Statue of Unity is funded by Govt of Gujarat not by other state or central govt,,,,,,,,,,,,,,2
514,0,2,"If the statue of Unity is visible from a long distance, what's the mode of earning? Are the smart Gujjus and Indians spending money to see something that's visible even from afar?",,,,,,,,,,,,,,3
515,0,0,"Gujarat: At Statue of Unity, over hundred villagers sit in protest, demand jobs https://indianexpress.com/article/cities/ahmedabad/gujarat-at-statue-of-unity-over-hundred-villagers-sit-in-protest-demand-jobs-5443267/ …",,,,,,,,,,,,,,3
516,0,1,I don't think he has heard of Statue of Unity yet. pic.twitter.com/INsWlChoEx,,,,,,,,,,,,,,3
517,0,1,"Yes Sir! Moot point most of us missed as if we declare this monument as symbol of pride for entire nation as statue of Unity, President of India by post would have been automatic choice and all State CMs should have remained present and leaders from all party needed 4 inagurtion",,,,,,,,,,,,,,3
518,0,0,Glimpses of Statue of Unity Laser Show https://www.youtube.com/attribution_link?a=U0OBMGY7V4c&u=%2Fwatch%3Fv%3DLZmtlHf6uNw%26feature%3Dshare …,,,,,,,,,,,,,,2
519,0,0,I liked a @YouTube video http://youtu.be/zgMwfCGDBOQ?a  Statue of Unity: What will happen to 182 meters tall Sardar Patel when earthquake,,,,,,,,,,,,,,2
520,0,0,I liked a @YouTube video http://youtu.be/t7qhjUJLP08?a  Patel Statue of unity || sardar statue of unity||विश्व का सबसे,,,,,,,,,,,,,,2
521,0,0,"Congress leader says Sardar Patel responsible for partition, Nehru's statue should have been 'Statue of Unity' https://wp.me/p5pHpP-zmr  via @opindia_com",,,,,,,,,,,,,,3
522,8,13,"India's ""Statue of Unity"" dedicated to Vallabhbhai Patel will be the tallest in the world — twice the height of the Statue of Liberty #tictocnewspic.twitter.com/X8qTXwF6GA",,,,,,,,,,,,,,1
523,0,0,I liked a @YouTube video http://youtu.be/Zw2kUENA-N4?a  12 Nov 2018 - Monday morning - Statue Of Unity,,,,,,,,,,,,,,2
524,0,0,@akashbanerjee the Statue of Unity looks a better deal than this unused Grand Prix race track in UP  https://twitter.com/lewishamilton/status/1063030144347070464 …,,,,,,,,,,,,,,1
525,0,6,"Laser Show at Statue of Unity
#Vadodara
Read More:https://www.ourvadodara.com/laser-show-statue-unity-become-organised/ …",,,,,,,,,,,,,,2
526,1,1,"Welcome to the Statue of Unity

Tax payers pay money to visit a statue that was built with their tax money.

Air tight logic.",,,,,,,,,,,,,,3
527,0,0,"Simple solution. Give these 700 women a 2-day paid trip to Statue of Unity in Gujarat. The Statue gets visitors, women can have a good time, police can be better used and Sabarimala is saved. Also cost effective.",,,,,,,,,,,,,,3
528,2,4,"मैंने कांग्रेस के एक परिचित टपोरी से पूछा आप Statue of Unity देखने कब जा रहे हो?
बोला दिल तो बहुत करता है पर गुलामी रोक देती है @Ambrish4bjp @Ashishkhare4bjp @ShivrajDabi @j_ashwani @AniLKPatelBJP",,,,,,,,,,,,,,3
529,0,0,Actor Prakash Raj Fires On Narendra Modi Like Never Before | Statue Of Unity | Manastars https://www.youtube.com/attribution_link?a=vFONAjt3-bs&u=%2Fwatch%3Fv%3D1vbYaBDffl4%26feature%3Dshare …,,,,,,,,,,,,,,3
530,0,0,"What's going on with our government?
After Statue of Unity,
Ram Statue on CM Yogi's agenda and now even Karnataka has joined the list.
Use disposable income wisely. Not in this statue making which is adding one by one state gradually as if it's a competition.",,,,,,,,,,,,,,3
531,1,1,"@Swamy39 Statue of #Unity बनाकर हमने क्या पाया, क्या खोया? Living Planet Report 2018 | WWF @rajeevrsrihttps://youtu.be/a51G_9DEoB0 ",,,,,,,,,,,,,,2
532,2,1,"@narendramodi After statue of unity, we want a statue of Taimur for his valuable entertainment in people's lives
@KareenaOnline @KausDhananjay @ak7584",,,,,,,,,,,,,,3
533,0,0,"After criticising 'Statue of Unity', Congress-JDS government proposes 'Cauvery Mata' statue worth Rs 1200 crores in Karnataka - Republic World https://www.republicworld.com/india-news/general-news/after-criticising-statue-of-unity-congress-jds-government-proposes-cauvery-mata-statue-worth-rs-1200-crores-in-karnataka …",,,,,,,,,,,,,,3
534,1,1,Statue of Unity breaks into Top 10 most visited tourists spot in the world beats Statue of Liberty & World War 2 memorial. Average visitor for SoU till now is 13000 per day while it is 12000 per day for Statue of Liberty.,,,,,,,,,,,,,,1
535,0,0,Gujarat govt creates new post: Chief administrator of Statue of Unity pic.twitter.com/6ogKNgOEh2,,,,,,,,,,,,,,2
536,0,0,"I liked a @YouTube video http://youtu.be/XCKr41Dv3Xw?a  Sardar Vallabhbhai Patel Statue of Unity Song : सबसे ऊँचा,",,,,,,,,,,,,,,1
537,0,1,Careful!! What you say !!! If Congress comes back they will even rename the statue as “Jawaharlal Nehru-statue of Unity”,,,,,,,,,,,,,,3
538,0,0,"Spend just 7 minutes to know everything about “Statue of Unity” - Sardar Patel. 
Only Facts !! No Pappuism. https://www.facebook.com/sup90.21/videos/2350086208396400/ …",,,,,,,,,,,,,,2
539,0,0,"How much revenue 'The Statue of Unity' is going to generate?
See this analysis..  
https://www.youtube.com/watch?v=6sbPGzrXbts …",,,,,,,,,,,,,,2
650,18,36,"At 597 feet, India’s Statue of Unity is now the tallest statue in the world and clearly seen from space! Oblique SkySat image captured today, November 15, 2018. pic.twitter.com/FkpVoHJKjw",,,,,,,,,,,,,,1
660,0,0,"Is the construction of Statue of Unity(Sardar Vallabhbhai Patel) that much important?
#Modiji",,,,,,,,,,,,,,3
661,0,0,"Let us take a moment to appreciate no one is talking about Statue of Unity, the colossal waste of money. Hope it gets canned.",,,,,,,,,,,,,,3
662,0,0,"Don't worry;whatever the speciality of our art could have been, we'll get our statue of unity made in China! https://twitter.com/scroll_in/status/727013014411563008 …",,,,,,,,,,,,,,3
663,0,0,"Projects benefiting the poor are starved of funds, meanwhile silly bullet train and Statue of Unity are going ahead. https://twitter.com/skv_india/status/726674268436717569 …",,,,,,,,,,,,,,3
664,0,0,"हम अयोध्या मे ""राममंदिर"" बनायेंगे - आड़वाणी जी 

हम वल्लभ भाई पटेल की ""Statue Of Unity"" बनायेंगे - मोदी जी 

हम... http://fb.me/12EKplNO1 ",,,,,,,,,,,,,,3
665,0,0,Statue of Unity.jpg https://lnkd.in/e2WY_Hr ,,,,,,,,,,,,,,2
666,0,1,"@narendramodi ji Sir ,how far has '' Statue of Unity '' of Sardar patel Progressed ! want to see in my lifetime ,am already 71",,,,,,,,,,,,,,2
667,0,0,Statue of unity smbl of nationalism but  will Made in China not Made in India its hurts our sentiments & nationalism pic.twitter.com/GFB2phan5d,,,,,,,,,,,,,,3
668,3,3,"@Urstrulyrk_ @gutsy_gun @KVSarmaJ for Polavaram it is a bank loan but for statue of unity & billet train it is budgetary support, PM for Guj",,,,,,,,,,,,,,3
669,1,0,"@islamhussain055 , Yes the image also saying same that Modiji always pushed MakeInIndia but for this Statue of Unity went for Make in China",,,,,,,,,,,,,,3
670,0,0,Sir statue of Unity ban gayi?? https://twitter.com/JagranNews/status/724289722617618436 …,,,,,,,,,,,,,,3
671,0,0,"@miya_mithoo @IndianExpress n by the way i was talking about statue of unity,supposedly dream project of your lord modi ji idiot",,,,,,,,,,,,,,3
672,0,0,@pbhushan1 @IndianExpress What about statue of unity which Modi talked during election Sardar or Ambedkar are only election gimmicks,,,,,,,,,,,,,,3
673,0,0,Statue Of Unity | Project Progress https://lnkd.in/bNMhEpt ,,,,,,,,,,,,,,2
674,0,0,"Looks like the Bullet Train project is dead now. And, has China casted the Statue of Unity yet? @bharat_builder - http://www.the-best-of-media.com/2016/04/mumbai-ahmedabad-bullet-train-will-need.html#more …",,,,,,,,,,,,,,3
675,5,1,Statue of Unity will be ready in late 2018 or sink into oblivion. https://twitter.com/bharat_builder/status/722020019933200384 …,,,,,,,,,,,,,,2
676,3,2,"Looks like the Bullet Train project is dead now. And, has China casted the Statue of Unity yet?  https://twitter.com/IndianExpress/status/722016228596957184 …",,,,,,,,,,,,,,3
677,0,1,"#Namo 
CM pays tributes to Sardar Patel on his birth anniversary, writes about Statue of Unity
http://nm4.in/17wpvy1 ",,,,,,,,,,,,,,1
678,0,0,Statue of Unity https://twitter.com/IronMan_42/status/720602634340667393 …,,,,,,,,,,,,,,2
679,0,0,@aajtak @PMOIndia @narendramodi make statue of unity also for him.,,,,,,,,,,,,,,2
680,0,0,"Statue of Unity
https://goo.gl/maps/TxVpJs2t9682 …",,,,,,,,,,,,,,2
681,0,0,Project teams - Statue of Unity https://shar.es/1jGxgG  via @sharethis,,,,,,,,,,,,,,2
682,0,0,@SirPareshRawal Sir what's the status of statue of unity?,,,,,,,,,,,,,,2
683,0,0,Statue of unity. pic.twitter.com/yrvoKCvvSu,,,,,,,,,,,,,,2
684,0,0,@jaimaiyaki7 @HinduRajyam alike Statue of Unity Iron collected from IND farmers All shoes will be collect & make a shoe of DoubtfuLIntegrity,,,,,,,,,,,,,,3
685,0,0,Statue of Unity.jpg https://lnkd.in/fpGCUGr ,,,,,,,,,,,,,,2
686,0,2,@ArmchairPseph what's the status of Statue of Unity? Brazil enjoys Stagflation! pic.twitter.com/LgpDXkXVim,,,,,,,,,,,,,,2
687,0,0,@Dev_Fadnavis @PMOIndia Think of water pipelnes frm sea & oceans like Gas. Put money 4 pipelnes instead of statue of unity & Mum-Ahmd Bullet,,,,,,,,,,,,,,3
688,0,2,"@SamitLive Yes, If it is made in China, statue of Unity can be a matter of Shame for us. @simuntweets @timesofindia",,,,,,,,,,,,,,3
689,9,4,"When casting of Statue of Unity is almost done in China, L&T can fool us? @SamitLive @simuntweets @timesofindiapic.twitter.com/Z47xGVqzd6",,,,,,,,,,,,,,3
690,7,2,Koi fayada nahi. Statue of Unity China mein hi ban rahi hai!! ;)  https://twitter.com/simuntweets/status/719199061585354753 …,,,,,,,,,,,,,,3
691,0,0,"@narendramodi sir, Patel statue of unity is being cast in China?Sardar warned Nehru against China who is still our enemy n v trading in loss",,,,,,,,,,,,,,3
692,6,3,क्या Statue of unity बन गया?? #WTFeku,,,,,,,,,,,,,,2
693,0,0,Statue of Unity.jpg https://lnkd.in/dRvuiQi ,,,,,,,,,,,,,,2
694,0,0,Statue of Unity.jpg https://lnkd.in/ft_aQqJ ,,,,,,,,,,,,,,2
695,0,0,Statue of Unity.jpg https://lnkd.in/e2rkWvP ,,,,,,,,,,,,,,2
696,0,1,@myvote_today @Babu_Bhaiyaa @Gravim71 @chinmaykrvd @chitraSD @DrPravinTogadia Statue of unity,,,,,,,,,,,,,,2
697,0,0,@myvote_today Statue of unity,,,,,,,,,,,,,,2
698,0,0,Bharat Mata temple. I don't think we have enough. Time to put the Statue of Unity on hold and build a bigger one https://twitter.com/shabanais/status/716616633599418368 …,,,,,,,,,,,,,,2
699,18,40,#ProjectProgress: Cleaning work being carried out for the Statue of Unity's raft.#StatueOfUnity #WorldsTallestStatuepic.twitter.com/tIVRZMvbip,,,,,,,,,,,,,,2
820,0,0,"Is it true that Statue of Unity of ""Sardar"" V Patel being built hs been contracted 2 L&T for Rs3000Cr who hav further given it to Chinese?",,,,,,,,,,,,,,3
821,0,0,Sardar Patel's  statue of unity being Crafted by a Chinese firm the L&T subcontractor?,,,,,,,,,,,,,,3
822,0,1,statue of unity - sardar patel at sardar sarovar dam,,,,,,,,,,,,,,2
823,0,0,Statue of unity of Sardar Patel  is being crafted by a chinese firm the Sub contractor of L&T,,,,,,,,,,,,,,3
824,0,0,The tallest statue in the world - Statue of Unity of Sardar Vallabhbhai Patel - is also being made by the Chinese! Should oppose that too,,,,,,,,,,,,,,3
825,0,1,"Sardar Patel statue , Statue of unity is under construction in China
1st bycot this n stop your fake Desh Prem https://twitter.com/PTI_News/status/894227983707156485 …",,,,,,,,,,,,,,3
826,0,0,"Looking at work of statue of unity, this ll definitely pave way for humongous rise in tourists visit. Road and Amenities are up to the mark.",,,,,,,,,,,,,,1
827,0,0,"@timesofindia @TimesNow @republic @ndtv y not no hindi, a tourist place narmada dam n statue of unity shared by 3 states pic.twitter.com/HtPoRPxPWr",,,,,,,,,,,,,,2
828,1,2,Sir try to find hindi around place of narmada dam n statue of unity in ಗುಜರಾತ್... Hindi hardly visible in Gujrat https://twitter.com/CTRavi_BJP/status/894177340925722625 …,,,,,,,,,,,,,,3
829,5,12,Statue of unity n narmada dam. National pride.. No where hindi found for non Gujrati. Y 3 language only for  south @CMofKarnataka @PMOIndiapic.twitter.com/dwK7QDXWYe,,,,,,,,,,,,,,3
830,4,2,"और बाबा जी जो statue of unity बनवाने का आर्डर दे रखे हो 3000 करोड़ का चीन को ,उसका क्या ? https://twitter.com/aajtak/status/893821689158672384 …",,,,,,,,,,,,,,3
831,1,2,"Govt hide this news that ""statue of unity"" of Sardar Patel under construction in China",,,,,,,,,,,,,,3
832,0,0,"Awake ARISE ACT 

Patel's Statue of Unity.
MAKE mass movement& national GOAL .
Media&masses participation 
CALL FUNDING BY ONE &  ALL",,,,,,,,,,,,,,1
833,0,0,Thats why there is a statue of them on Hope st. Christian unity..for the people of the people.,,,,,,,,,,,,,,2
834,0,0,"@PMOIndia  
Yaha desh anti-china campaign Chala rha Tha or desh ki ekta ka parteek China hi bana rha Tha 
#statue of unity",,,,,,,,,,,,,,3
835,0,0,Enjoying the Unity First Datra cruisd @ Statue of Liberty & Ellis Island https://www.instagram.com/p/BXRsFKyja3X/ ,,,,,,,,,,,,,,2
836,0,0,What is the progress report of statue of unity,,,,,,,,,,,,,,2
837,0,3,"#statue_of_unity,
#sardar_sarovar_dampic.twitter.com/D5h5AX4J3f",,,,,,,,,,,,,,2
838,0,0,Bhai naam mei kya rakha hia km se km naam jiska diya hai wo kaam ki to hai..ab ye btao Statue of unity ka koi fayda hai kya..3000 cr ki,,,,,,,,,,,,,,3
839,0,0,We shuld fight for unity of india not for statue of unity...@awasthis @AMISHDEVGAN @RubikaLiyaquat @INCIndia @JM_Scindia @IYC,,,,,,,,,,,,,,3
840,0,1,"Statue of #SardarPatel is in Danger now with @yogrishiramdev Ji's Chetavani to China.

- @kapsology @NavenduSingh_ @aartic02 @EpicRoflDonhttps://twitter.com/ANI_news/status/890149186934415360 …",,,,,,,,,,,,,,3
841,0,0,@souindia @SirPareshRawal Statue of unity site possibly hacked trying to install virus as chrome update in computers.,,,,,,,,,,,,,,3
842,0,0,"Metro project is Chinese, Statue of unity is project Chinese, Mede in India mobile is chinese, this is Chinese, this is not? 
#Chinafobiahttps://twitter.com/aajtak/status/889472686761660417 …",,,,,,,,,,,,,,3
843,39,39,"cc @narendramodi & @vijayrupanibjp, since all of the material for 'Statue Of Unity' is being imported from China! 
http://m.indiatoday.in/story/chinese-goods-rss-mantra/1/1008676.html …pic.twitter.com/m9MXDuR9fA",,,,,,,,,,,,,,3
844,1,1,Coverage for Statue of Unity at Narmada Dam for tv9,,,,,,,,,,,,,,2
845,0,0,"Statue of Unity to be ‘made in China’, Gujarat govt says it’s contractor’s call – The Indian Express http://indianexpress.com/article/india/india-news-india/statue-of-unity-to-be-made-in-china-gujarat-govt-says-its-contractors-call/ …",,,,,,,,,,,,,,3
846,0,0,Statue of Unity world’s tallest contract given to China who is the most dangerous enemy.@narendramodi sir..plz cancel the contract.Jay Hind.pic.twitter.com/j4n7ewXjza,,,,,,,,,,,,,,3
847,0,0,"Statue of Unity to be ‘made in China’, Gujarat govt says it’s contractor’s call http://indianexpress.com/article/india/india-news-india/statue-of-unity-to-be-made-in-china-gujarat-govt-says-its-contractors-call/ … via @IndianExpress",,,,,,,,,,,,,,3
848,0,0,Sardar Patel Statue of Unity એકતાની પ્રતિમા Mr Editor: http://youtu.be/lhDT0ubXTZI?a  via @YouTube,,,,,,,,,,,,,,2
849,0,0,"Statue of Unity
એકતાની પ્રતિમા http://fb.me/7gvL4IrFZ ",,,,,,,,,,,,,,2
850,29,26,"In the future, the Statue of Unity (Sardar Patel statue) will need 24x7 protection against these goons as its bronze plates are from China. https://twitter.com/anandrai177/status/887924341626683392 …",,,,,,,,,,,,,,3
851,0,0,Indeed why is Statue of Unity contract is given to Chinese company.,,,,,,,,,,,,,,3
852,0,0,"Constructive public activity 
for 
 National cause  Newspapers Tv & media let's make a joint effort 
patel statue of unity.Make it a reality",,,,,,,,,,,,,,1
853,1,0,"Constructive public activity 
for 
A national cause 
 Newspapers Tv & media let's make joint effort 
patel statue of unity.Make it a reality",,,,,,,,,,,,,,1
854,0,0,"Patel's Statue of unity. PM Mody Make it national issue. 
We can do it.
Let's get media &mass support. Start funds collection.I give Rs10001",,,,,,,,,,,,,,3
855,0,0,"Godsey admirers  
1.caught while spying for Pakistan
2.Doing Statue of Unity copper Cladding from china..Gujrat govt deals with China...",,,,,,,,,,,,,,1
856,1,1,"BJP \
Statue of unity 3000+ crore
Shivaji 3000+ crore https://twitter.com/texabey/status/887222754184802305 …",,,,,,,,,,,,,,3
857,0,0,"Sardar Patel's statue, 
the 'Statue of unity' is going to be
 'Made In China'..
The man, forged together India,
is to be cast in China",,,,,,,,,,,,,,3
858,0,2,Good wishes for statue of unity...keep it up sir,,,,,,,,,,,,,,1
859,1,1,Govt should give status report of Statue of Unity project. @narendramodi,,,,,,,,,,,,,,2
980,0,0,@style_aa @dkashyap1990 statue of unity का क्या हुआ। सारा इकट्ठा किया हुआ लोहा बेचकर खा गए। चले है गंगा सफाई करने।हा हा हा,,,,,,,,,,,,,,3
981,0,0,@attorneybharti गंगा सफाई तो ठीक है पर कोई बीजेपी भक्त ये तो बताये statue of unity का क्या हुआ। सारा इकट्ठा किया लोहा बेचकर खा गए।,,,,,,,,,,,,,,3
982,0,0,"RT ""@Kumar_Ke5hav Can any bhakt provide any kind of info about 'Statue Of Unity'? #AcheDinBijliBin https://twitter.com/Kumar_Ke5hav/status/476365695005913090/photo/1pic.twitter.com/doVBTFMAVR """,,,,,,,,,,,,,,2
983,0,0,Gujarat CM wants ‘Statue of Unity’ to be national project -  http://finthoughts.com/feedpost/gujarat-cm-wants-statue-of-unity-to-be-national-project/ …,,,,,,,,,,,,,,2
984,0,0,"Complete statue of unity.
Change ahmedabad into ""karnavati"".
Give and extend trains to Gandhinagar capital.@narendramodi @BJPRajnathSingh",,,,,,,,,,,,,,1
985,0,0,Gujarat CM wants 'Statue of Unity' to be national project: Gujarat chief minister Anandiben Pate... http://bit.ly/1qoe4iJ  Gujarat Times,,,,,,,,,,,,,,1
986,0,0,Gujarat CM wants 'Statue of Unity' to be national project http://wap.business-standard.com/article/current-affairs/gujarat-cm-wants-statue-of-unity-to-be-national-project-114061001145_1.html#.U5cli0UoVAw.twitter …,,,,,,,,,,,,,,1
987,0,0,"@gs_sodhi @vinay2586 भैया कालाधन वापसी को कितने दिन बाकी रहे हैं,या statue of unity की तरह उस ideaको भी वाराणसी गंगास्नान को भेजा ?",,,,,,,,,,,,,,3
988,0,1,"@MrsGandhi @narendramodi @RajivPratapRudy That's why Gandhiji in Currency, Sardar's statue of Unity & @narendramodi in every Indian's heart",,,,,,,,,,,,,,1
989,1,1,@i_sidh BJP mongers now say Statue of UNITY will be completed in 2019. (next election year) so sa-mart Modi is,,,,,,,,,,,,,,3
990,2,2,"Okay, so who's starting the petition for a statue of Kevin Turvey to be erected in Redditch town centre?",,,,,,,,,,,,,,2
991,1,0,"National War Memorial? Ok. There was something called Statue of Unity, what happened to that? #JustAsking #ModiTakesCharge",,,,,,,,,,,,,,3
992,0,0,"BJP ""statue of unity"" के लिये जमा किये गये पैसों का हिसाब दे। सरकार बनके 26 दिन हो गये लेकिन स्टँच्यु कही दिखाई नही दिया। चुनाव में",,,,,,,,,,,,,,3
993,8,4,"National War Memorial? Ok. There was something called Statue of Unity, what happened to that? #JustAsking #ModiTakesCharge",,,,,,,,,,,,,,1
994,1,0,"@narendramodi Sir ,Wish the task of completing  National War Memorial is done on same scale ,grandeur & style as Statue of Unity project !",,,,,,,,,,,,,,1
995,1,0,"Statue of Unity ka chanda to kha gaye ho, ab National War Memorial tum log ghanta banaoge",,,,,,,,,,,,,,3
996,5,2,RamMandir Ke Naam Par Rs10 aur Ek Eent (Brick) Maang Le Gaye Thae.Aur Statue of Unity Ke Naam Par Loha.Na Woh Bana Na Isski Koii Khabar Hai?,,,,,,,,,,,,,,3
997,0,0,"@CGAIndia @BJPLucknowBJP @TheSoUMovement U mean that Anandi Ben be  held accountable for 7 month delay in monument ""Statue of Unity"" so soon",,,,,,,,,,,,,,3
998,2,1,What @CGAIndia asks about accountability of the statue of Unity project in Gujarat is Valid.. Website shd have funding details @DeshGujarat,,,,,,,,,,,,,,1
999,0,1,"@narendramodi Pranam Sir ,Whts the Status of Statue of Unity of Former First Home Minister of India.We wish it will hve a world Class impact",,,,,,,,,,,,,,1
1000,1,0,Photo: assassinscrypt: Here there is the statue of the new Assassin in Assassin’s Creed Unity! Follow us on... http://tmblr.co/ZFW9yv1I5HwT3 ,,,,,,,,,,,,,,2
1001,0,0,"10 Fascinating Facts of The World's To Be Tallest Statue: ""Statue of Unity"" ! 
#fascinating #facts #tallest #talleststatue #statueofunity...",,,,,,,,,,,,,,1
1002,1,1,Statue of Unity seven months behind schedule | The Indian Express http://indianexpress.com/article/cities/ahmedabad/statue-of-unity-seven-months-behind-schedule/ …,,,,,,,,,,,,,,3
1003,0,0,PM Modi's statue of unity seven months behind schedule @IndianExpress,,,,,,,,,,,,,,3
1004,1,2,"""@mehranzaidi: PM Modi’s pet project of building world’s largest Statue of Unity, has been running late by 7 months http://indianexpress.com/article/cities/ahmedabad/statue-of-unity-seven-months-behind-schedule/ …""",,,,,,,,,,,,,,3
1005,10,2,"PM Modi’s pet project of building world’s largest Statue of Unity, has been running late by 7 months #patel http://indianexpress.com/article/cities/ahmedabad/statue-of-unity-seven-months-behind-schedule/ …",,,,,,,,,,,,,,3
1006,0,0,@AnkitaNDTV Statue of Unity http://www.youtube.com/watch?v=qgcGf0YGvSQ …,,,,,,,,,,,,,,2
1007,0,0,@PMOIndia @narendramodi Perhaps if Statue of Unity is scrapped you would be more truthful to mother earth.,,,,,,,,,,,,,,3
1008,0,0,"Sardar Patel, jo sahi maayane me Rashtrapita hai, inaka VIJAY CHOWK, New Delhi me Statue of Unity bananaa chaahiye, yahi unako shraddhanjali",,,,,,,,,,,,,,1
1009,0,0,@yr_sans @shahid_siddiqui @Bawli_Booch UCC can wait... first let Modi deliver on black money ... 139 days left. And whr is statue of UNITY?,,,,,,,,,,,,,,2
1010,0,0,Getting statue of unity momento from smruti irani http://fb.me/2ckf1XzXa ,,,,,,,,,,,,,,2
1011,0,0,"""Statue of Unity"" क्या हुआ फुस्स हो गया
भागवत को नाम पसंद नहीं आया।",,,,,,,,,,,,,,3
1012,0,0,"Advani, Modi lay the foundation stone of 'Statue of Unity' on Sardar Patel's ann... | @scoopit via @maheshtiwari30 http://sco.lt/6dVS2j ",,,,,,,,,,,,,,1
1013,0,0,"Top class #Fekugiri RT:“@ratanmaitra: Anyone still remember the Statue of Unity ?

;) - > pic.twitter.com/OdK5h1IQpu”",,,,,,,,,,,,,,3
1014,0,0,"statue of unity (sardar patel ki) ka loha kishano se mila ya nahi,? good governce@jaydeep3199@aapkarajiv",,,,,,,,,,,,,,3
1015,0,2,@DrBMSharma @aapist why is Modi is silent on Statue of UNITY. Why not an inch done when the completion date was 28-Mar-2014,,,,,,,,,,,,,,3
1016,0,0,Statue of unity (182 metres or 597 ft is ready and will soon be established over the river Narmada facing Narmada Dam in Gujarat.. :) :),,,,,,,,,,,,,,1
1017,2,1,"""@ratanmaitra: Anyone still remember the Statue of Unity ?

;) - > pic.twitter.com/vbO6ME45Gt""",,,,,,,,,,,,,,2
1018,0,0,"@manantrivedi1 Can I have your number please.. working on a story on the statue of unity,, need to talk to you...",,,,,,,,,,,,,,2
1019,1,0,Same what happened to donation of Ram temple at Ayodhya. Bhakts happy RT @Ekhlaz: What happened to statue of unity project?,,,,,,,,,,,,,,2
1140,0,0,"Statue of Unity  English - It was this man who single handedly using his huge powers of persuasion, tact & indomitab... http://ow.ly/1fQyUT ",,,,,,,,,,,,,,1
1141,0,0,Slide Show Gallery | Statue of Unity | http://www.narendramodi.in  : via @narendramodi,,,,,,,,,,,,,,2
1142,0,0,Slide Show Gallery | Statue of Unity | http://www.narendramodi.in  : http://www.narendramodi.in/slideshow/view/38940877 … via @narendramodi,,,,,,,,,,,,,,2
1143,0,0,Saw that shit today... Thumb down. RT @jessdimz69: A big statue of the president @ d unity fountain jst 4 his birthday ✗waste,,,,,,,,,,,,,,3
1144,0,0,A big statue of the president @ d unity fountain jst 4 his birthday ✗waste,,,,,,,,,,,,,,3
1145,0,0,"Modi keen on projecting Rs 2000 Crore Statue of Unity.
http://bit.ly/uuIuDQ 
Sardar Patel Statue Ahmedabad Airport
http://www.youtube.com/watch?v=zDJJx1K4Q3E … @DNA",,,,,,,,,,,,,,2
1146,0,0,Our Lady of Charity Enters Havana as Symbol of “Peace and Unity”: The statue of Our Lady of… http://goo.gl/fb/dkFFd ,,,,,,,,,,,,,,2
1147,0,0,"Our Lady of Charity enters Havana as symbol of ""peace and unity"": Havana – The statue of Ou... http://bit.ly/vUKiTv  http://bit.ly/aTMcLf ",,,,,,,,,,,,,,2
1148,0,0,"Our Lady of Charity enters Havana as symbol of ""peace and unity"": Havana – The statue of Our Lady of Charity rea... http://bit.ly/rARkhp ",,,,,,,,,,,,,,2
1149,0,0,"Our Lady of Charity enters Havana as symbol of ""peace and unity"": Havana – The statue of Our Lady of Charity rea... http://bit.ly/seDMAw ",,,,,,,,,,,,,,2
1150,0,0,"Our Lady of Charity enters Havana as symbol of ""peace and unity"" - FOX News: Havana – The statue of Our Lady of ... http://adf.ly/3cFnj ",,,,,,,,,,,,,,2
1151,0,0,"Our Lady of Charity enters Havana as symbol of ""peace and unity"": Havana – The statue of Our Lady of Charity rea... http://bit.ly/uZAo3g ",,,,,,,,,,,,,,2
1152,0,0,"@janlokpal 
She is planing for a new statue ..bigger than The statue Of UniTY..",,,,,,,,,,,,,,2
1153,0,0,The Statue of Unity - A tribute to the Iron Man of Modern India. http://fb.me/1jZlMPyh3 ,,,,,,,,,,,,,,2
1154,0,0,"@narendramodi Sir,heartly wishes for the forthcoming project of statue of unity and world's one of the wonders to be framed in gujarat",,,,,,,,,,,,,,1
1155,0,0,"The Statue of Unity-“Sardar vallabhbhai Patel”,to be built in Gujarat will be twice as taller as The Statue of Liberty!",,,,,,,,,,,,,,1
1156,0,0,@narendramodi when can we expect a next project update on Statue of Unity Project? india media has disappointed us today as usual,,,,,,,,,,,,,,3
1157,0,0,"The Statue of Unity-tribute to “Sardar Patel”,to be built in Gujarat will be twice as taller as The Statue of Liberty. http://bit.ly/sOQ0Hg ",,,,,,,,,,,,,,2
1158,0,0,Thanks to @narendramodi for coming up with the idea of 'Statue Of Unity' in honour of Sardar Patel. A Statue for the much deserved Stalwart.,,,,,,,,,,,,,,1
1159,0,0,Sardar Patel 's Statue of Unity. http://www.youtube.com/watch?v=78_Ua782n7g …. True Son of the Soil. Sardar Vallabhai Patel. Iron Man of India.,,,,,,,,,,,,,,2
1160,1,0,लोह पुरुष सरदार वल्लभभाई पटेल को उनके जन्म दिन पर कोटी कोटी नमन/The Statue of Unity statue of Sardar Patel -Hindi Ver http://www.youtube.com/watch?v=KheHZbSEpVY …,,,,,,,,,,,,,,2
1161,0,0,@narendramodi nice initiative of building statue of Unity !!! hopefully unity is pan india and not only pan gujrat !!,,,,,,,,,,,,,,1
1162,0,0,"""Statue of Unity""..Sardar's tallest statue will b in Gujarat...thanks to @NarendraModi",,,,,,,,,,,,,,1
1163,0,0,http://www.youtube.com/watch?v=78_Ua782n7g … Sardal patel's Gigantic statue of unity  in Narmada District Gujrat,,,,,,,,,,,,,,2
1164,1,0,Statue of Unity befitting stature of Sardar Patel- Hon’ble CM’s gift to all http://j.mp/vzuIYB ,,,,,,,,,,,,,,1
1165,1,0,Statue of Unity http://youtu.be/34jfaefFYnM  #SardarPatel : A gift to Indians by Shri @NarendraModi,,,,,,,,,,,,,,1
1166,0,0,#Turkey #Israel #Cyprus; #Kosovo #Serbia #NATO; #Bolshoi; #OXI Day; Statue of #Liberty; #Orthodox #Antioch unity ^MZ http://nblo.gs/p7vzt ,,,,,,,,,,,,,,2
1167,0,0,"Unveiled this day in 1886 an emblem of Franco-American unity, the Statue of Liberty, was presented to the American people by the French.",,,,,,,,,,,,,,2
1168,0,0,Sardar Patel's Statue in Gujrat..The Largest Statue of Unity in the World... http://fb.me/1lCqO4nvf ,,,,,,,,,,,,,,2
1169,0,0,"RT @danvidal: Check out this video of India's Statue of Unity, the largest in the world http://youtube.com/watch?v=34jfae … via my friend...",,,,,,,,,,,,,,2
1170,1,0,"Check out this video of India's Statue of Unity, the largest in the world http://www.youtube.com/watch?v=34jfaefFYnM … via my friend @rahulrpatel49",,,,,,,,,,,,,,2
1171,0,0,"The Statue of Unity  .: http://www.youtube.com/watch?v=2tbVmZjD-ac … 
 
:namaste: http://bit.ly/ngh5ZL ",,,,,,,,,,,,,,2
1172,0,0,"@EarthCam Live Streaming views of the Statue of Liberty.This American icon represents unity and freedom,.. http://fb.me/I2ABWriG  #neverforget",,,,,,,,,,,,,,2
1173,0,0,"Visit this webcam with streaming views of the Statue of Liberty. This American icon represents unity and freedom,... http://fb.me/I2ABWriG ",,,,,,,,,,,,,,2
1174,0,0,Love this pic; It's from the Statue of Liberty at Ellis Island from my NYC trip #beautiful #together #unity #one #usapic.twitter.com/XzEx53t,,,,,,,,,,,,,,2
1175,0,0,@narendramodi Sir could you please tweet about the Statue of Unity project that you have initiated. We dont get any updates about it.,,,,,,,,,,,,,,3
1176,0,0,"@Musion3D, I would like to get installed 3D holographic projection for 183 meter height Statue of Unity at India. please advice.",,,,,,,,,,,,,,2
1177,0,0,#Gujarat Chief Minister of Gujarat Shri Narendra Modi announces Statue of Unity http://hithot.cc/en_IN/Gujarat/  #hithotin,,,,,,,,,,,,,,2
1178,0,0,statue of unity : a perfect public relations stunt by Narendra Modi to dwarf the narmada bachao andolan,,,,,,,,,,,,,,3
1179,0,0,"New Article, Statue of Unity - Gujarati - http://tinyurl.com/3po9mkz",,,,,,,,,,,,,,2
1300,0,0,"The Statue of Unity statue of Sardar Vallabhbhai Patel: its the spirit of India, Gujarat style. http://lnkd.in/4znnwm ",,,,,,,,,,,,,,2
1301,0,0,"@AMadumoole Statue of unity is much better than any politicians' statue like Mayawati, Nehru-Gandhi images. (Exclude MG). @siddtalks",,,,,,,,,,,,,,1
1302,1,0,"Where is Sardar Patel's ""Statue of Unity""? Rich state of Gujarat has no money to honour the son of the soil?",,,,,,,,,,,,,,3
1303,0,0,"RT ""@AMadumoole: Modi allots Rs 100 Cr for Statue of Unity - good,this statue will remind us there was unity in Gujarat once upon a time.""",,,,,,,,,,,,,,2
1304,0,0,"RT @AMadumoole Modi allots Rs 100 Cr for Statue of Unity - good,this statue will remind us there was unity in Gujarat once upon a time.",,,,,,,,,,,,,,2
1305,0,0,Modi govt has made provison of Rs 100 cr for statue of unity-statue of Sardar Patel.Tallest statue in the world.Tall order for tall statue.,,,,,,,,,,,,,,2
1306,1,0,"RT“@Guri02: Media cried foul when Mayawati jee installed statues in UP, Why no outrage over Modi doing same, Rs 100 Cr for Statue of Unity?”",,,,,,,,,,,,,,3
1307,1,0,"RT@Guri02: Media cried foul when Mayawati jee installed statues in UP, Why no outrage over Modi doing same, Rs 100 Cr for Statue of Unity?",,,,,,,,,,,,,,3
1309,1,0,"Modi allots Rs 100 Cr for Statue of Unity - good,this statue will remind us there was unity in Gujarat once upon a time.",,,,,,,,,,,,,,1
1310,0,0,"100 cr for Statue of Unity (Sardar Patel's statue) , 4400 cr for rural and urban housing, 1854 cr for Sarva Shiksa Abhiyaan #GujaratBudget",,,,,,,,,,,,,,2
1311,10,1,Rs 100 crore allotted for the Statue of Unity.Crocodile park in Vadodara.Rs12 crore for protection of Gir lions.Smrutivan in Mangadh:Budget,,,,,,,,,,,,,,2
1312,0,0,"@narendramodi sir, wo statue of Unity project kb tak complete hoga..
kab ek bar fir ham apne guj pe garv feel karenge ek naya record banake",,,,,,,,,,,,,,1
1313,0,0,Salute To NAMO:Sardar patel's Statue of Unity: http://youtu.be/78_Ua782n7g  via @youtube,,,,,,,,,,,,,,2
1314,0,1,"Watch sardar patel statue of unity video , Gujarat via @seekers_find_in",,,,,,,,,,,,,,2
1315,0,0,"Watch sardar patel statue of unity video , Gujarat http://bit.ly/RTZ7Is  via @rajneesh_saini",,,,,,,,,,,,,,2
1317,0,0,I liked a @YouTube video http://youtu.be/78_Ua782n7g?a  Sardar patel's Statue of Unity,,,,,,,,,,,,,,2
1319,0,0,Statue of Unity Hindi SD http://fb.me/CYIESGFZ ,,,,,,,,,,,,,,2
1321,0,0,I liked a @YouTube video http://youtu.be/DlXllbdDY68?a  Statue of Unity Hindi SD,,,,,,,,,,,,,,2
1323,0,0,"Watch Sardar patel Statue of unity video , Gujarat  http://bit.ly/RTZ7Is  via @rajneesh_saini",,,,,,,,,,,,,,2
1324,0,0,@narendramodi could you finish the statue of unity that you promised in the election. And finish the kalpras project.,,,,,,,,,,,,,,3
1325,0,0,"Sardar patel statue of unity , Gujarat , Find IT http://bit.ly/RTZ7Is  via @rajneesh_saini",,,,,,,,,,,,,,2
1326,0,0,"Seeking sardar patel statue of unity , Gujarat ,world's largest statue, Find IT http://bit.ly/RTZ7Is  via @rajneesh_saini",,,,,,,,,,,,,,1
1327,0,0,"The Biggest statue of India Coming Soon

Sardar patel statue of unity , Gujarat , Find IT http://bit.ly/RTZ7Is ",,,,,,,,,,,,,,1
1328,0,0,"Seeking sardar patel statue of unity , Gujarat , Find IT http://bit.ly/RTZ7Is  via @rajneesh_saini",,,,,,,,,,,,,,2
1329,2,0,"Retweet Please , Sardar patel statue of unity , Gujarat  http://bit.ly/RTZ7Is  via @rajneesh_saini",,,,,,,,,,,,,,2
1460,1,0,Govt refutes ‘China tag’ for Statue of Unity - Ahmedabad Mirror - http://fb.me/56nbLPPsR ,,,,,,,,,,,,,,2
1461,1,0,Govt refutes ‘China tag’ for Statue of Unity @AhmedabadMirror http://www.ahmedabadmirror.com/ahmedabad/others/Govt-refutes-China-tag-for-Statue-of-Unity/articleshow/48938501.cms … Liar @anandibenpatel.,,,,,,,,,,,,,,2
1462,0,0,@narendramodi Honorable Sir what's the status of statue of unity,,,,,,,,,,,,,,
1463,5,6,Newsreports state Sardar Patel 'Statue of Unity' parts are 2 b imported 4m China & assembled here. #PM Modi Model of 'Make-in-India' ? ? !!!,,,,,,,,,,,,,,2
1464,0,0,"Statue Of Unity चाइना मे बनेगी...
सरदार वल्लभभाई पटेल जी को चाइना पसंद नही था, और कुछ लोग इसे वहीं से बनवा रहे है... http://fb.me/4qRR1P9Ek ",,,,,,,,,,,,,,2
1465,0,0,@narendramodi talking about statue of unity..This is not the unity..people are fighting on Hindu-muslim -Sc-st-obc.. #patidar #JaagoPatidar,,,,,,,,,,,,,,3
1466,1,0,The 522 foot tall 'Statue of Unity' which is worth Rs 3000 crores is going to be 'Made in China.'So 'Make in India' is just a 'tall' claim!,,,,,,,,,,,,,,3
1467,0,1,"statue of unity - Worlds tallest statue, a fair guess would be that most Americans have never even heard the top 3 pic.twitter.com/IDBrhd6uNP",,,,,,,,,,,,,,2
1468,0,0,"@abpmajhatv @rajivkhandekar Rajiv sir, how is statue of unity related to make in India? I always thought you aren't TRP hungry. I am wrong!!",,,,,,,,,,,,,,3
1469,0,0,"Retweeted RT Wale Daarubaaz (@DaaruBaazMehta):

Modi Govt's 'Make in India' plan

Statue of Unity' will be ""Made... http://fb.me/2Q8lv8rTU ",,,,,,,,,,,,,,3
1470,0,0,Statue of #SardarPatel  is under preparation in #China . Soon we will have a Chinese sardar. #MakeInIndia @BJPExposed @BDUTT @ndtv @aajtak,,,,,,,,,,,,,,3
1471,0,0,"Gujarat to built worlds tallest sitting Buddha,
Modi Sarkar can built statue of unity but can't help farmers or give #OROP",,,,,,,,,,,,,,3
1472,0,0,@YusufDFI Any idea what happened to Sardars statue of unity?,,,,,,,,,,,,,,2
1473,0,0,Heard that Sardar Patel's Statue of Unity will be Made In China. #MakeInIndia #hawabaaziattack #BluffMasterModi #WhyThisKolaveriDi,,,,,,,,,,,,,,3
1474,0,0,Thought the tallest was the new one statue of unity https://twitter.com/tydidthisbeat/status/642797543101886464 …,,,,,,,,,,,,,,2
1475,2,1,"Gujarat govt issues 2979 Cr work oder to L&T for Statue of Unity & now they are making in China

#PatelMakeInChinahttps://twitter.com/AmarUjalaNews/status/642434753941995520 …",,,,,,,,,,,,,,3
1476,1,0,"Big lol. Statue of Unity to be ""made in China"" and imported from there. Whatever happened to ""make in India"". pic.twitter.com/UUtKxXVXaX",,,,,,,,,,,,,,3
1477,252,100,"Modi Govt's 'Make in India' plan

Statue of Unity' will be ""Made in China""

Kitna bada Jumlebaaz hai yaar ye!! RT pic.twitter.com/uOk69T90Tp",,,,,,,,,,,,,,3
1478,12,6,Sardar patel statue of unity is getting ready in China..make in India? pic.twitter.com/H7WDtaerJl,,,,,,,,,,,,,,3
1479,1,0,Modi is the first PM to make Statue of Unity in China,,,,,,,,,,,,,,3
1480,2,6,"Statue of Unity' will be 'Made in China' 
@ravishndtv @Dchautala @HaryanaTweets @AdityaSinhmar @GappistanRadiopic.twitter.com/X6P3AZiSIC",,,,,,,,,,,,,,3
1481,0,0,"#ABVPRocks #Aap in Shocks! 
No Chinese company have the tender of statue of unity. 

http://www.statueofunity.in/tendernotice.html …https://twitter.com/LambaAlka/status/642591395384008705 …",,,,,,,,,,,,,,3
1482,0,0,@narendramodi @anandibenpatel आप लोगों से जानना चाहता हूँ। Statue of Unity का काम कहाँ तक पहुँचा? कृपया मार्गदर्शन कीजिये।,,,,,,,,,,,,,,2
1483,0,1,@narendramodi sir please give us a news about Statue of Unity,,,,,,,,,,,,,,2
1484,0,0,@htTweets where is Statue of Unity Mr. Modi ???,,,,,,,,,,,,,,2
1485,0,0,"#DidYouKnow - Statue of Unity will be world's tallest statue
#statue #tallest #proud #MadeInIndia #india #ArtZolopic.twitter.com/onDRcnURPS",,,,,,,,,,,,,,1
1486,0,0,Statue of Unity’ pic.twitter.com/qclyIcPck7,,,,,,,,,,,,,,2
1487,2,0,Statue of Unity http://j.mp/1hUdyL2  Oops! Which Patel did modi ji adopt?pic.twitter.com/Bjr8bvTh8L,,,,,,,,,,,,,,2
1488,0,0,Statue of Unity http://goo.gl/fb/XssQrI ,,,,,,,,,,,,,,2
1489,0,0,Statue of Unity: Statue of Unity http://bit.ly/1IJBtSw ,,,,,,,,,,,,,,2
1490,0,0,LMO Statue of Unity: Statue of Unity http://bit.ly/1IJBtSm ,,,,,,,,,,,,,,2
1491,0,1,Statue of Unity http://mintne.ws/1ii7FHi ,,,,,,,,,,,,,,2
1492,0,0,@nanditathhakur can you spot work in progress at Statue of Unity or anywhere around? @souindia,,,,,,,,,,,,,,2
1493,3,1,"पटेल समुदाय के मान सम्मान के लिए जहाँ @narendramodi जी ने ""Statue Of Unity"" चुना,वहीँ एक जालसाज़ ने पटेलों के हाथमें आरक्षण का कटोरा थमादिया",,,,,,,,,,,,,,2
1494,0,0,"#hardikpatel
ShouldOurBeloved IronManofNation 
SardarSaheb BallabhBhai Patel's
WorldHighest n Mighty 
Statue Of Unity B Stalled or Opposed.",,,,,,,,,,,,,,1
1495,0,0,@usasoccerguy Looking forward to reading your soccer report on the Seaswans V Unity game from the Statue of Liberty stadium. #GoSoccerReport,,,,,,,,,,,,,,2
1496,4,3,"BTW, what happened to the Statue of Unity and all the money & material collected for it? https://twitter.com/IndiaToday/status/637996304308633601 …",,,,,,,,,,,,,,2
1497,0,0,#SardarPatel Modiji started building a statue of Sardar but before that a robot has been created. Question is who is controlling the robot,,,,,,,,,,,,,,2
1498,0,0,Pang Lhabsol being celebrated in Gangtok at Statue of Unity. The enthusiastic gathering was apprised about... http://fb.me/7rJ2wlFlj ,,,,,,,,,,,,,,2
1499,0,0,"My @Quora answer to What are your views on Narendra Modi's project ""Statue of Unity""? http://qr.ae/RFeSLW ",,,,,,,,,,,,,,2
1620,0,1,"@tweetfromRaghu: Sir please sign the petition 

#RKLaxman
Narendra Modi: Common Man for the Statue of Unity https://www.change.org/p/narendra-modi-common-man-for-the-statue-of-unity?recruiter=87688539&utm_source=share_petition&utm_medium=twitter&utm_campaign=share_twitter_responsive …",,,,,,,,,,,,,,3
1621,0,0,@LavaMobile Statue of Unity #LavaGrand,,,,,,,,,,,,,,2
1622,0,0,"Stainless steel industries to increase use #steel in Statue of Unity Project

Read more: http://www.steel-technology.com/news/id/4663 
#newspic.twitter.com/phXEUQKpLg",,,,,,,,,,,,,,2
1623,0,0,"@ravishndtv : Sir ji, ye petition ka idea endorse kar dete to maza aa jaata :)
The Common Man for Statue of Unity
https://www.change.org/p/narendra-modi-common-man-for-the-statue-of-unity?recruiter=87688539&utm_source=share_petition&utm_medium=twitter&utm_campaign=share_twitter_responsive …",,,,,,,,,,,,,,3
1624,0,0,"#YesWeCan honor both Sardar Patel and RK laxman.
Sign the petition for The Common Man as Statue Of Unity. :)

https://www.change.org/p/narendra-modi-common-man-for-the-statue-of-unity?recruiter=87688539&utm_source=share_petition&utm_medium=twitter&utm_campaign=share_twitter_responsive …",,,,,,,,,,,,,,2
1625,0,0,"Narendra Modi: Common Man for the Statue of Unity 
Sign the http://petition.Help  it go viral. #YesWeCan
https://www.change.org/p/narendra-modi-common-man-for-the-statue-of-unity?recruiter=87688539&utm_source=share_petition&utm_medium=twitter&utm_campaign=share_twitter_responsive …",,,,,,,,,,,,,,2
1626,0,0,I added a video to a @YouTube playlist http://youtu.be/4ks0zcaJyHM?a  Assassin's Creed Unity (Episode #9) - STATUE OF LIBERTY IN PARIS?!,,,,,,,,,,,,,,2
1627,0,0,"@gsurya @iDilsay @Loneranger9 @sjacobtalk 
INC Sardar Patel?,if true Congi sud party,but dey r nt happy wid Statue of Unity,why?",,,,,,,,,,,,,,3
1628,0,0,"@Joydas
The design for Gandhi Ji statue  in London is over
#Modi has put the design of Statue of Unity in back-burner pic.twitter.com/HfJtQFRHD4",,,,,,,,,,,,,,2
1629,0,0,The gesture and posture of Vallabhai patel in Statue of Unity must symbolize Unity of India. Now the model looks just plain ...Improve!,,,,,,,,,,,,,,3
1630,0,0,"@satishacharya : Sign a petition for 'The Common Man' to become the subject of Statue of Unity in Gujarat.

https://www.change.org/p/narendra-modi-common-man-for-the-statue-of-unity … …",,,,,,,,,,,,,,2
1631,0,0,"@ndtv 
Sign a petition for 'The Common Man' to become the subject of Statue of Unity in Gujarat.

https://www.change.org/p/narendra-modi-common-man-for-the-statue-of-unity …",,,,,,,,,,,,,,2
1632,0,0,Common Man for the Statue of Unity http://wp.me/p5g2JQ-3L  via @wordpressdotcom,,,,,,,,,,,,,,3
1633,0,0,"#GovernanceDialogue AAP supporters, pls sign petition:

#RKLaxman
Narendra Modi: Common Man for the Statue of Unity https://www.change.org/p/narendra-modi-common-man-for-the-statue-of-unity?recruiter=87688539&utm_source=share_petition&utm_medium=twitter&utm_campaign=share_twitter_responsive …",,,,,,,,,,,,,,3
1634,2,1,"Please sign the petition:
Narendra Modi: Common Man for the Statue of Unity
#RKLaxman
https://www.change.org/p/narendra-modi-common-man-for-the-statue-of-unity?recruiter=87688539&utm_source=share_petition&utm_medium=twitter&utm_campaign=share_twitter_responsive … via @Change4India",,,,,,,,,,,,,,3
1635,0,0,"Modi gov should think of replacing Sardar Patel with 'Common-Man' for Statue of Unity.Patel will nod in agreement from heavens.

#RKLaxman",,,,,,,,,,,,,,3
1636,0,0,The Statue of Unity #iFunny http://ifunny.co/fun/IEAszEec2 pic.twitter.com/g5VW1r1r36,,,,,,,,,,,,,,2
1637,0,0,@PIB_India @PMOIndia @narendramodi @ReynoldsPolymer can build the aquarium in statue of unity project,,,,,,,,,,,,,,2
1638,1,1,A15 . I am the SARDAR! Q15 is the view what the Statue of Unity will have of the Narmada dam. Notice the 182m . pic.twitter.com/xFAaa5D0w2,,,,,,,,,,,,,,2
1639,0,0,@kweezzz Statue of Unity,,,,,,,,,,,,,,2
1640,0,0,@kweezzz statue of unity,,,,,,,,,,,,,,2
1641,0,1,@kweezzz @p0kkish Sardar Vallabhai Patel Statue of Unity?,,,,,,,,,,,,,,2
1642,0,0,"@sarkar_swati @harianand_dr :) gone thru yr TL and believe Patel is the best suited for 'Statue of Unity', dont mean othrs contributed less.",,,,,,,,,,,,,,1
1643,0,1,"@sarkar_swati I fail to understand if the Statue of Unity is national project, how come a state promote it as its own? @dixitnamrata",,,,,,,,,,,,,,3
1644,0,0,"@sudsanj @harianand_dr if so, I stand corrected wrt Republic day tableaux, but not statue of unity per se",,,,,,,,,,,,,,2
1645,0,0,@sarkar_swati in that case your objection is to statue of unity project not Guj Tableaux,,,,,,,,,,,,,,2
1646,0,2,"@sarkar_swati anyways, my point only was that Patel at Guj cavalcade was representing ongoing statue of unity project.",,,,,,,,,,,,,,2
1647,0,0,"Statue of unity, Bullet train, Make in India, Pradhan Mantri Jan Dhan Ujana.... Modi's dream on RajPath #HappyRepublicDay #JaiHind",,,,,,,,,,,,,,2
1648,0,2,@sarkar_swati the idea was to highlight statue of unity project.,,,,,,,,,,,,,,2
1649,0,0,"dear @sarkar_swati why r u burning? It was guj's tableaux, whats wrong if guj presents Sardar patel -statue of unity?",,,,,,,,,,,,,,2
1650,0,0,"The coolest procession was dat of Make In India, Beti Bachao Beti Padhao and Statue of Unity - Official.
Thanks Doordarshan National (DD1).",,,,,,,,,,,,,,2
1651,0,0,"@waglenikhil Kay dadhiwale, ""statue of unity"" khupla ka???",,,,,,,,,,,,,,3
1652,0,0,"Statue of Unity सरदार पटेल जी की मूर्ति  हिल रही थी राजपथ पर,ये कितना बड़ा अपमान है.#HappyRepublicDay #obamamodipic.twitter.com/mHdHEk92I4",,,,,,,,,,,,,,3
1653,0,1,"@shilpa29patel @tweety_pai @ashish30sharma
SardarPatel is Modi Dream..Hv a Huge Statue of him in The Narmada River",,,,,,,,,,,,,,1
1654,0,0,@BhupendraSinh1 statue of unity 182 meter,,,,,,,,,,,,,,2
1655,0,0,"Obama's India Visit: Live Updates: src=hash"">#RepublicDay2015 Gujarat –Statue of Unity: Sardar Sarovar Yojana ... http://binged.it/1z0zLe2 ",,,,,,,,,,,,,,2
1656,0,0,"Statue was shaking! ""@teejay_tweets: Ek Bharat shresht Bharat .. Gujrat Jhanki.. Sardar Patel  Statue of Unity :) #brilliant""",,,,,,,,,,,,,,1
1657,2,0,@arunmsk yeah..Statue of Unity which dont exist there..;-),,,,,,,,,,,,,,2
1658,2,5,PM @narendramodi per statue of unity pic.twitter.com/4lwySZ7vET,,,,,,,,,,,,,,2
1659,0,0,"#RepublicDay2015 Gujarat –Statue of Unity: Sardar Sarovar Yojana pic.twitter.com/kZaPc5qv7w
https://twitter.com/MIB_India/status/559588436248522752 …",,,,,,,,,,,,,,2
1780,1,4,"Te presentamos el proyecto de la estatua más alta del mundo: STATUE OF UNITY ubicada en  Kevadia, India. Tendrá 182 metros de altura y representará a Vallabhbhai ""Sardar"" Patel, uno de los líderes políticos más importantes para este país. Conócelo aquí https://www.archdaily.co/co/890881/continua-la-construccion-de-la-estatua-mas-alta-del-mundo-en-la-india …",,,,,,,,,,,,,,2
1781,0,0,They should also bury the statue of unity in it. Indians will never gave unity when one sect is taught at home to hate all others ...and now more sects are created,,,,,,,,,,,,,,3
1782,0,0,"Work on Statue of Unity moving full speed ahead. Salutations to 3000 strong Engineer and Labour team for their 24x7 Service. 

Via MyNt pic.twitter.com/Qxd1KYWygm",,,,,,,,,,,,,,1
1783,0,0,World's tallest statue: Work begins on India's controversial Statue of Unity: Work on the soon-to-be largest statue in the world - Statue…,,,,,,,,,,,,,,2
1784,0,0,"“Just as the melody is not made up of notes nor the verse of words nor the statue of lines, but they must be tugged and dragged till their unity has been scattered into these many pieces, so with the man to... https://www.facebook.com/KitaWriterSpeaker/posts/1548181955292055 …",,,,,,,,,,,,,,2
1785,0,0,I added a video to a @YouTube playlist http://youtu.be/5paMNieYGY0?a  World's Tallest And Biggest Statue-Statue Of Unity In India-Vallabhbhai,,,,,,,,,,,,,,2
1786,0,0,I liked a @YouTube video http://youtu.be/5paMNieYGY0?a  World's Tallest And Biggest Statue-Statue Of Unity In India-Vallabhbhai Patel,,,,,,,,,,,,,,1
1787,0,0,"A giant landmark is under construction at an island, surrounded by the Narmada River, in west India’s Gujarat state. The Statue of Unity is expected to be twice the height of the Statue of Liberty, making it the world’s tallest statue, when it’s finished in October-2018 pic.twitter.com/h6a7Crd4ky",,,,,,,,,,,,,,1
1788,0,0,"Retweeted Smriti Z Irani (@smritiirani):

Work on Statue of Unity moving full speed ahead. Salutations to 3000 strong Engineer and Labour team for their 24x7 Service. pic.twitter.com/iDV1CjI4fa",,,,,,,,,,,,,,1
1789,0,0,"The world's tallest statue to be complete this year in India

A giant landmark is under construction at an island, surrounded by the Narmada River, in west India’s Gujarat state. The Statue of Unity is expected... https://www.facebook.com/krishnannithin0/posts/1942607149125178 …",,,,,,,,,,,,,,1
1790,1,3,"A giant landmark is under construction at an island, surrounded by the Narmada River, in west India’s Gujarat state. The Statue of Unity is expected to be twice the height of the Statue of Liberty, making it the world’s tallest statue, when it’s finished in October.@BJP4Indiapic.twitter.com/7qknM0mvc8",,,,,,,,,,,,,,1
1791,0,0,"The world's tallest statue to be complete this year in India

A giant landmark is under construction at an island, surrounded by the Narmada River, in west India’s Gujarat state. The Statue of Unity is expected to be... https://www.facebook.com/alvanvilla/posts/441610052918718 …",,,,,,,,,,,,,,1
1792,15,51,"To show our gratitude, our Govt unveiled a giant bronze statue of #Sahityarathi Laxminath Bezbarua on his 150th birth anniversary in Sep 2015 at the Guwahati Club rotary.Bezbaroa was a symbol of unity & integrity who gave a distinct position to Assamese literature in the world. https://twitter.com/tarun_gogoi/status/978166467551268865 …",,,,,,,,,,,,,,1
1793,0,0,"Work on Statue of Unity moving full speed ahead. Salutations to 3000 strong Engineer and Labour team for their 24x7 Service. 

Via MyNt pic.twitter.com/TLI8kaaynk",,,,,,,,,,,,,,1
1794,0,3,"Construction of the Tallest Statue in the World Continues in India _ 
The Statue of Unity, is supposed to be the world’s tallest statue when completed.

+ archdaily https://www.archdaily.com/890840/construction-of-the-tallest-statue-in-the-world-continues-in-india …
 
 A+A https://tmblr.co/ZPiUbk2WSGWha pic.twitter.com/REHCHRWiBv",,,,,,,,,,,,,,2
1795,0,1,"I will Vote for Modi in 2019 & 2024 so that ... Major Projects i.e ""Bullet Train"", ""Mumbai Trans Harbour Link"", ""Statue of Unity"", ""Shivaji Memorial"", ""Setusamudram Project"" are completed timely.",,,,,,,,,,,,,,2
1796,1,0,"@Gidi_Traffic  CONSTRUCTION OF THE TALLEST STATUE IN THE WORLD CONTINUES IN INDIA. The Statue of Unity will be 182-meters tall and depict Vallabhbhai “Sardar” Patel, the first deputy PM of India. Standing at almost twice the height of the Statue of Liberty pic.twitter.com/3hMA0FOJ1G",,,,,,,,,,,,,,2
1797,0,0,Hi smriti mam!!! Appreciate the progress of statue of Unity...Will you also let me know the status of the Ambedkar Memorial at Indu Mill Dadar..people are eagerly waiting of that as well.,,,,,,,,,,,,,,1
1798,0,0,Smriti Irani visits Statue Of Unity site #SmritiIrani #BJP #Narmada #Gujarathttp://www.mijaaj.com/smriti-irani-visits-statue-unity-site/ …,,,,,,,,,,,,,,2
1799,0,1,"Statue of Unity, the world's largest statue, a monument dedicated to Indian independence movement leader Vallabhbhai Patel, is taking shape after three years of construction. (VCG/Newscom) pic.twitter.com/GcdMnaJAI6",,,,,,,,,,,,,,1
1800,0,0,Work begins on India’s controversial Statue of Unity - set to be the tallest in the world https://www.telegraph.co.uk/travel/news/construction-of-worlds-tallest-statue-underway/?WT.mc_id=tmg_share_tw … via @@TelegraphTravel,,,,,,,,,,,,,,2
1801,0,0,"Statue of Unity will be open for public on Oct 31 this year , on the  occasion of the anniversary of Iron man of Indian Sardar Patel . 
  One of the biggest achievements of NDA government is to glorify Sardar  Patel in the modern history , which was dominated all around by Nehru pic.twitter.com/LNTg387Eo6",,,,,,,,,,,,,,1
1802,1,0,"Statue of Unity will be open for public on Oct 31 this year , on the  occasion of the anniversary of Iron man of Indian Sardar Patel . 
  One of the biggest achievements of NDA government is to glorify Sardar  Patel in the modern history , which was dominated all around by Nehru pic.twitter.com/GbMf9BVdiV",,,,,,,,,,,,,,1
1803,0,0,Statue of unity https://twitter.com/smritiirani/status/977832068905349120 …,,,,,,,,,,,,,,2
1804,2,6,"Work on Statue of Unity moving full speed ahead. Salutations to 3000 strong Engineer and Labour team for their 24x7 Service. 

via MyNt pic.twitter.com/sBRwCqtJ0G",,,,,,,,,,,,,,1
1805,0,0,"World's tallest statue: The Statue of Unity, dedicated to Indian independence movement leader Vallabhbhai Patel, is expected to be completed in India this October, according to media reports. Measuring 182 meters tall, it is almost twice the height of the Statue of Liberty. pic.twitter.com/vJBt2tGIbL",,,,,,,,,,,,,,2
1806,0,0,Textile News - Irani inspects progress of Statue of Unity https://www.google.com/url?rct=j&sa=t&url=http://www.business-standard.com/article/pti-stories/irani-inspects-progress-of-statue-of-unity-118032500545_1.html&ct=ga&cd=CAIyGmE0NjM1Y2YyZmI3OTQ5Nzk6Y29tOmVuOlVT&usg=AFQjCNEO5pCIzLglRfig3qxWTJ-uFVwfOw … #textilespic.twitter.com/bTowbgXB4u,,,,,,,,,,,,,,2
1807,1,1,"I will Vote for Modi in 2019 & 2024 so that … Major Projects i.e. “Bullet Train”, “Mumbai Trans Harbour Link”, “Statue of Unity”, “Shivaji Memorial”, “Sethusamudram Project” are completed timely.",,,,,,,,,,,,,,2
1808,0,0,"Irani inspects the progress of Statue of Unity #LetsTalkGujarat #StatueOfUnity
@smritiirani @NITIAayog #NarmadaDam #Gujarat
Via http://business-standard.com  http://bit.ly/2G3kmq5 pic.twitter.com/1fn9uDVIbD",,,,,,,,,,,,,,2
1809,0,1,"The world's see this year in India

A giant landmark is under construction at an island, surrounded by the Narmada River, in west India’s Gujarat state. The Statue of Unity is expected to be twice the height of the Statue of Liberty, it’s finished in October. pic.twitter.com/yYzigibfAA",,,,,,,,,,,,,,1
1810,1,2,"The world's tallest statue to be complete this year in India

A giant landmark is under construction at an island, surrounded by the Narmada River, in west India’s Gujarat state. The Statue of Unity is expected to be twice the height of the Statue of Liberty, pic.twitter.com/5JNi472JEN",,,,,,,,,,,,,,1
1811,0,0,Union Textiles Minister Smriti Irani inspects progress of Statue of Unity http://latestnews24hour.in/union-textiles-minister-smriti-irani-inspects-progress-statue-unity/ …pic.twitter.com/ztxg2Qg812,,,,,,,,,,,,,,2
1812,11,5,"I woud want to see Congress own up this Statue of Unity
Even inspite of the fact that Bharat Ratna was giving to him as an afterthought 
#StatuePoliticshttps://twitter.com/smritiirani/status/977832068905349120 …",,,,,,,,,,,,,,3
1813,8,25,"Union minister and Rajya Sabha MP from Gujarat, Smt. @smritiirani Ji visits the site of the Statue of Unity, world's tallest statue under construction featuring Sardar Vallabhbhai in Central Gujarat earlier today.
@TajinderBagga @MrsGandhi @zankhanabenbjp @NiranjanZazmerapic.twitter.com/Xu1JLoUpQU",,,,,,,,,,,,,,2
1814,0,1,"Replace ""statue of unity"" with ""waste of public money""",,,,,,,,,,,,,,3
1815,0,2,Smriti Irani visit Narmada Dam and Statue of Unity http://www.gujaratheadline.com/smriti-irani-visit-narmada-dam-and-statue-of-unity/ … #Gujarat @CollectorNar @smritiirani @InfoGujarat @PIB_India @PIBAhmedabadpic.twitter.com/1ixXl50roD,,,,,,,,,,,,,,2
1816,1,2,"In pics: Union minister and Rajya Sabha MP from Gujarat,  @smritiirani ji visits the site of the Statue of Unity, world's tallest statue under construction featuring Sardar Vallabhbhai in Central Gujarat earlier today pic.twitter.com/aSgY2Ak41A",,,,,,,,,,,,,,2
1817,0,0,I added a video to a @YouTube playlist http://youtu.be/1m5ykPtRw-0?a  మోడీ గారు Statue of Unity వల్ల,,,,,,,,,,,,,,2
1818,0,0,They released money for statue of unity (Sardar Patel statue). Check the budget: Google 'sardar patel statue',,,,,,,,,,,,,,2
1819,0,0,"‘Just as the melody is not made up of notes nor the verse of words nor the statue of lines, but they must be tugged and dragged till their unity has been scattered into these many pieces’ https://www.brainpickings.org/2018/03/18/i-and-thou-martin-buber/ …",,,,,,,,,,,,,,2
1940,0,1,Statue of Unity hua karti thi ek election time pe.Mujhe lag raha hai Advaniji ko hi udhr khada kar denge. vaise bhi wu resign ki bol re hein,,,,,,,,,,,,,,2
1941,56,51,These are the same liberals who had issues with Abdul Kalam Road and Statue Of Unity.. imagine if a celeb names his kid Nathuram  https://twitter.com/bdutt/status/811512211592151040 …,,,,,,,,,,,,,,2
1942,0,0,"Prime Minister Narendra Modi already Spent ₹2,989 crore on ""Statue of Unity"" in Gujarat.
Now Maharashtra spending... http://fb.me/13b9i45X4 ",,,,,,,,,,,,,,2
1943,0,0,"Prime Minister Narendra Modi already Spent ₹2,989 crore on ""Statue of Unity"" in Gujarat.
Now Maharashtra spending... http://fb.me/61KPQN0Kd ",,,,,,,,,,,,,,2
1944,0,0,"Statue of Unity to be ‘made in China’, Gujarat govt says it’s contractor’s call | The Indian Express http://ln.is/indianexpress.com/ar/SZxS8 …",,,,,,,,,,,,,,2
1945,0,0,What about the Unity Statue of Sardar Patel? Shorter than Shivaji? @bhupendrachaube @narendramodi @PrannoyRoyNDTV,,,,,,,,,,,,,,2
1946,0,0,there used to be a statue of Unity.. kya hua bhai uska?? https://twitter.com/CNNnews18/status/811276370559037440 …,,,,,,,,,,,,,,3
1947,0,0,"No petiton 2 stop 3000Cr G'rat Statue of Unity [Made in China]
http://bit.ly/1NRQSbJ 
or
U Hate Shivaji only
@sandymridul @ChangeOrg_India",,,,,,,,,,,,,,3
1948,1,1,"By the way @narendramodi Ji..What happened to the ""Statue of Unity"" ? Is it true that ""Indian Iron Man"" will bear a ""Made In China"" tag? https://twitter.com/manishkbaid/status/810094768151662592 …",,,,,,,,,,,,,,2
1949,0,0,Foundation of the Statue of Unity under construction at Sardar Sarovar dam http://fb.me/6gMRlQPiA ,,,,,,,,,,,,,,2
1950,0,0,The country destruction for the Statue of unity's spent | Vtv Gujarati: http://youtu.be/k3yQGxAABcw?a  via @YouTube,,,,,,,,,,,,,,3
1951,0,0,I added a video to a @YouTube playlist http://youtu.be/k3yQGxAABcw?a  The country destruction for the Statue of unity's spent | Vtv Gujarati,,,,,,,,,,,,,,3
1952,1,1,It's been 3 years #Runforbharat statue of unity.... pic.twitter.com/ETy3zwaUfP,,,,,,,,,,,,,,2
1953,0,0,bhai statue of unity ka kya hua,,,,,,,,,,,,,,2
1954,0,0,Kudos to the graphics team for Statue of Unity. https://www.reddit.com/r/india/comments/5iffbd/kudos_to_the_graphics_team_for_statue_of_unity/ …,,,,,,,,,,,,,,2
1955,3,6,बनाता है जिसमें 5 लाख भारतीय किसानों ने अपना लोहा दान किया #statue_of_unity में। (2/2),,,,,,,,,,,,,,2
1956,5,4,"By the way @narendramodi had promised to the nation"" Statue of Unity"" as a mark of respect for Sardar Patel.Been 3 yrsWhat happened tp that?",,,,,,,,,,,,,,2
1957,0,0,@narendramodi We hope that the Statue of Unity is nearing completion and will be unveiled before Gujarat Elections.,,,,,,,,,,,,,,2
1958,0,0,"@narendramodi Sir when is  inauguration of Statue of Unity?
It is our misfortune that Gandhi foisted #nehru on India instead of #SardarPatel",,,,,,,,,,,,,,1
1959,0,0,"Sir what about statue of unity, no updates coming",,,,,,,,,,,,,,2
1960,1,1,"Sir when is  inauguration of Statue of Unity?
It is our misfortune that Gandhi foisted #nehru on India instead of #SardarPatel",,,,,,,,,,,,,,1
1961,0,0,Sir statue of unity to ban hi rahi hai.....pls  restart construction of  INDIA TOWER Mumbai,,,,,,,,,,,,,,2
1962,0,0,"Statue of UNITY

Via MyNt pic.twitter.com/vI1FysW8G5",,,,,,,,,,,,,,2
1963,0,0,"Congratulations A M Naik L&T another mark after Bihar Museum (BTW is it commissioned) Statue of Unity, now Motera Stadium...",,,,,,,,,,,,,,2
1964,0,0,agree w photo showcasing Statue of Liberty ashamed USA ppl acting outrageously n violence riots & discord need PEACE unity,,,,,,,,,,,,,,2
1965,0,1,Construction of Statue of Unity - https://www.indianbureaucracy.com/construction-of-statue-of-unity/ …pic.twitter.com/BDRTUG2RIS,,,,,,,,,,,,,,2
1966,0,0,"statue of unity kab banegi ,ab tak to ban bhi jani chahiye thi.hum to is statue ko papers par hi dekhte reh gaye.",,,,,,,,,,,,,,3
1967,0,0,aap Jao phele talati mantri kaubhand or statue of unity kaubhand vale Se hisab mango karodo ka gotala kiya,,,,,,,,,,,,,,3
1968,0,0,ek sainik ke badle 10 sir kab aayenge bjp walon statue of unity kab banegi. 6 month ke bhitar kaala dhan bhi nahi aaya. agli baar cong sarka,,,,,,,,,,,,,,2
1969,0,0,"statue of unity -sardar wallabh bhai patel ki statue aakhir kab banegi ,ab tak to ban bhi jaani chahiye thi.",,,,,,,,,,,,,,3
1970,0,0,After new #GOLD policy! Bappi da ne statue of unity ke liye saara sona daan karne ka plan banaya hai... pic.twitter.com/cRuJ3xhOWq,,,,,,,,,,,,,,2
1971,0,0,"STATUE OF UNITY KA KYA HUA ,AB TAK TO YEH MURTI BAN BHI JAANI CHAHIYE THI AUR NA HI AB TAK RAM MANDIR BANA.U.P. MEIN BJP NAHI AANI CHAHIYE.",,,,,,,,,,,,,,2
1972,0,0,Construction of Statue of Unity – India will get a new icon at Gujarat http://ibgnews.com/construction-of-statue-of-unity-india-will-get-a-new-icon-at-gujarat/ … via @IBG News,,,,,,,,,,,,,,2
1973,0,0,PIB_India : Construction of Statue of Unity http://dlvr.it/Mmv5S7 pic.twitter.com/Ut6Q8zbJe0,,,,,,,,,,,,,,2
1974,0,0,Official date shared on construction of Statue of Unity in parliament http://ln.is/deshgujarat.com/2016/ZUrnw …,,,,,,,,,,,,,,2
1975,0,0,Official date shared on construction of Statue of Unity in parliament http://dlvr.it/Mmvv26 pic.twitter.com/Xi1XwgiCeL,,,,,,,,,,,,,,2
1976,0,0,PIB_India : Construction of Statue of Unity http://dlvr.it/Mmv5S7  Construction of Statu… http://dlvr.it/Mmv5S7 pic.twitter.com/J604AR8afH,,,,,,,,,,,,,,2
1977,0,0,Official data on construction of Statue of Unity as shared in parliament http://deshgujarat.com/2016/11/30/official-date-shared-on-construction-of-statue-of-unity-in-parliament/ …,,,,,,,,,,,,,,2